label,x_px,y_px,x_init_px,y_init_px,center_offset_px,area_px,circularity,eq_diam_px,eq_diam_nm,refined_diam_px,refined_diam_nm,radius_change_factor,quality_score,gradient_sharpness,profile_symmetry,edge_contrast,center_quality,angular_variance,angular_cv,mean_intensity,max_intensity
1,1257.041265060241,309.1671686746988,1257.041265060241,309.1671686746988,0.0,3320.0,0.8902489362521989,65.0165770286374,501.1692312071565,66.3502504035838,511.44962569345705,0.02051282051218939,0.9391135858685644,18077.153148481375,0.8477839646714111,0.5118130710502484,0.43596503419479726,48350483.978650466,0.12937619340205653,46140.09246987952,62451.0
2,1106.4089007227083,21.12704450361354,1106.4089007227083,21.12704450361354,0.0,2629.0,0.8240662435038469,57.85625949807629,445.97514077680637,59.043054564703496,455.12334879274084,0.020512820512111403,0.8234958675924278,5229.005793936311,0.9392526096896454,0.14402182105681346,0.35515889811633555,69963966.44896087,0.1815641126559754,41517.57284138456,62451.0
3,668.349586288416,811.214243498818,668.349586288416,811.214243498818,0.0,3384.0,0.7893349226523245,65.64025151828557,505.97671998594615,65.64025151828557,505.97671998594615,0.0,0.7670043523744778,7620.913251858021,0.7897554821821035,0.271909116587986,0.3397454993729802,103654732.90879427,0.1943379682278521,45389.739066193855,62451.0
4,127.38487654320987,100.87222222222222,127.38487654320987,100.87222222222222,0.0,3240.0,0.9124571234335177,64.22846818149976,495.0942281375,65.54597522112027,505.250007176218,0.02051282051218178,0.8321424539586171,13090.615454844597,0.7797647237169777,0.4373610616334167,0.4129790952326905,53799522.72748312,0.14214300712643968,45012.43950617284,62451.0
5,939.0,824.5903015231582,939.0,824.5903015231582,0.0,3217.0,0.8821967779040584,64.00009074534987,493.33381949510266,65.31291311961346,503.45348758730995,0.020512820512179532,0.9467918668849955,19325.460216042815,0.8669796672124889,0.5435872881000566,0.4449922546244841,41655796.85726312,0.124723012503638,45733.45756916382,62451.0
7,329.60025665704205,106.09977542508823,329.60025665704205,106.09977542508823,0.0,3117.0,0.9003228569879138,62.99752106979688,485.60568158794734,64.28977791225425,495.56682377436675,0.020512820512169253,0.8332678751173868,11256.648657117314,0.7836330420739689,0.3895638800767561,0.3495176856423351,85856043.74423379,0.18610855503984708,44199.71254411293,62451.0
8,33.10039190269841,394.7289631263788,30.9382288055468,394.7289631263788,2.1621630971516126,3173.0,0.9201490090926098,63.56090839065055,489.9484569749033,64.86472189609978,499.9986817333628,0.020512820512174824,0.8288908246827804,7963.130492906867,0.8603353243777971,0.2856149341046498,0.34249350393629246,77053548.2146939,0.1919763407209063,44070.59974787268,62194.0
9,1319.190818238601,497.72891942535915,1319.190818238601,497.72891942535915,0.0,3202.0,0.8809052347326816,63.850708862486336,492.18233464596926,65.16046699299886,502.2783825361429,0.020512820512177787,0.9474447502805048,14707.679901760503,0.8686118757012616,0.43945684830235915,0.3644519793789463,71931809.33349837,0.17438457096709298,44671.68863210493,62451.0
10,252.75925925925927,459.9278091650973,252.75925925925927,459.9278091650973,0.0,3186.0,0.7680878114221115,63.69098201100552,490.9511073648941,63.69098201100551,490.951107364894,1.1156096409614305e-16,0.933772865668542,13430.370841250045,0.8961612760552282,0.3925606103992475,0.4479696263724519,36894300.8836245,0.12322942028408365,44388.07846829881,62451.0
11,312.3189766839378,685.8011658031088,312.3189766839378,685.8011658031088,0.0,3088.0,0.9035456286704441,62.70377751094572,483.34140930094816,63.99000884450358,493.2561048763522,0.020512820512166186,0.9055725134879089,13520.209678212801,0.8155816831043403,0.4081692901594072,0.4058829062132389,47570537.33949827,0.1463764757500355,43511.980893782384,62194.0
12,1144.955930006481,69.45106934543098,1144.955930006481,69.45106934543098,0.0,3086.0,0.9206445209829858,62.68346859462,483.18486147196717,63.96928333502245,493.0963458098536,0.02051282051216585,0.9563092454330593,18142.619891214614,0.8907731135826479,0.5196495699509186,0.4045765788770563,50846193.19538361,0.14717199467542147,44078.99773169151,62451.0
13,974.9900481540931,32.765329052969506,974.9900481540931,32.765329052969506,0.0,3115.0,0.9020970725986706,62.97730687993916,485.44986394184133,64.26914907234816,495.4078098688534,0.02051282051216894,0.9562771890712332,15668.516469998885,0.8906929726780829,0.46704819014647825,0.4261256888709966,39457589.04877788,0.13467254524116137,42876.51043338684,62451.0
14,754.681450307543,114.66914859177727,754.681450307543,114.66914859177727,0.0,3089.0,0.855636222248327,62.713929502837864,483.41966420461017,64.00036908238326,493.3359650088073,0.02051282051216638,0.9471267092949858,13884.8436659301,0.8678167732374644,0.4153756055699621,0.3974692088113878,48969150.4817933,0.15159181587687034,43328.83554548398,62451.0
15,505.3253282100544,551.6080691642651,505.3253282100544,551.6080691642651,0.0,3123.0,0.9116505611811911,63.058124759684326,486.0728348288174,64.35162475475477,496.04355964581873,0.020512820512169804,0.9477770267832106,16999.293550476174,0.895180114087396,0.5024859072672903,0.3722922741707679,64677423.45466931,0.16860616493516248,43299.35670829331,62451.0
16,155.31978185100726,512.1952498457742,153.15761875385564,512.1952498457742,2.1621630971516197,3242.0,0.8243471125486825,64.24828872453645,495.247011424006,62.93037510967416,485.0880983691546,0.02051282051218205,0.8766269115474985,9158.602879596692,0.8951576579260866,0.2791019242945527,0.41606489136852337,43863521.64535232,0.14034712390915596,43876.13078346699,62451.0
17,1063.0525106662292,247.2431900229734,1063.0525106662292,247.2431900229734,0.0,3047.0,0.8102970270999119,62.286121189298996,480.12197654710906,62.286121189298996,480.12197654710906,0.0,0.8848567414469244,11427.370928467895,0.8409079059837412,0.36635529641936576,0.46569822483083284,29780615.714061264,0.11473133172522934,43479.89596324253,62451.0
18,677.0469314079422,881.9921234000657,677.0469314079422,881.9921234000657,0.0,3047.0,0.914220941724831,62.286121189298996,480.12197654710906,63.56378521369487,489.9706324762805,0.020512820512161824,0.9590223707849685,17105.872787466455,0.8975559269624214,0.4716273503735958,0.42010044799696455,42576463.949067555,0.1380383084017148,43424.90285526748,62194.0
19,572.9509771447499,530.0235177210997,572.9509771447499,530.0235177210997,0.0,3019.0,0.9237873914079573,61.999275685732464,477.91087674660207,63.27105569979877,487.71417678242983,0.02051282051215883,0.9533618017871248,16708.861338667997,0.8834045044678119,0.4984615396917219,0.3893919330111118,54804400.62362985,0.15681066175848685,43773.08446505466,62451.0
20,152.10557377049182,223.6088524590164,152.10557377049182,223.6088524590164,0.0,3050.0,0.9194765151535089,62.31677632421503,480.3582764432364,63.59506917189123,490.2117795497643,0.020512820512162164,0.9102131986598538,12672.174446202569,0.8685634118834119,0.39856277374686055,0.4196108726797529,43638209.078062505,0.1383160363824033,43886.58393442623,62194.0
21,115.33139346912382,678.4199806013579,115.33139346912382,678.4199806013579,0.0,3093.0,0.8848854670383528,62.75452104721905,483.73255722390996,64.04179327382867,493.6552763464517,0.020512820512166793,0.9244279836437179,12491.891048001924,0.8531003851721082,0.39068103224695994,0.4164464518636307,43898804.83440101,0.14012691080087752,43549.493372130615,62451.0
22,142.6876016921575,337.55385616661243,142.6876016921575,337.55385616661243,0.0,3073.0,0.9158690151452074,62.551299914319564,482.1660616685469,63.834403502305605,492.05664754892734,0.020512820512164617,0.9535842162581771,16041.370978272753,0.8839605406454428,0.4609120991416839,0.4220815279077721,42514941.304074466,0.13692105289632747,43676.11714936544,62451.0
23,181.44038772213247,680.7680129240711,181.44038772213247,680.7680129240711,0.0,3095.0,0.8514683639905214,62.77480697664732,483.8889278622998,64.06249532488624,493.8148545876803,0.020512820512167036,0.862966168581998,10147.321968129774,0.823626850837768,0.3055056120724169,0.3475740590047301,67059256.73637442,0.1877084679056532,43405.59773828756,62451.0
25,1078.9715608465608,76.99338624338624,1078.9715608465608,76.99338624338624,0.0,3024.0,0.8728655726978446,62.050595349916925,478.3064656536251,63.323428075043424,488.1178803336994,0.02051282051215931,0.9472364122135633,13656.110980059912,0.868091030533908,0.4029909857905221,0.4283829907923636,37818603.51716392,0.13343597236443452,43068.15178571428,62194.0
26,986.9081295439524,144.16886979510906,986.9081295439524,144.16886979510906,0.0,3026.0,0.9027447571271922,62.07111133505346,478.46460963733256,63.3443649009007,488.27926829655985,0.020512820512159424,0.9267548965272419,12429.372269025751,0.871405018211908,0.3822952438062671,0.4745459807689781,26853803.66535707,0.11072773567264228,42987.28420356907,62451.0
27,280.1503439240092,229.93252538486735,280.1503439240092,229.93252538486735,0.0,3053.0,0.9077616600462923,62.34741638653884,480.5944601548489,63.62633774831399,490.45280805546116,0.020512820512162473,0.9606566479869649,16661.82217671734,0.9016416199674122,0.4737530307404713,0.34222280044787445,81400252.36231749,0.19220729848837606,42800.39109073043,62451.0
28,1422.9732057416268,420.9719298245614,1422.9732057416268,420.9719298245614,0.0,3135.0,0.8632845450688414,63.1791577400707,487.00579698251914,64.47514046294394,496.9956594847246,0.02051282051217109,0.9277654019287247,13259.482437750175,0.864630384481142,0.3810579541016484,0.3754420256684275,63152449.71773657,0.1663527073772909,44176.7014354067,62451.0
29,1369.485733027222,661.9711380780584,1369.485733027222,661.9711380780584,0.0,3049.0,0.9200806807996155,62.30655962174056,480.2795227290514,64.86272617032478,499.98329802049955,0.041025641024323926,0.9336767342652776,15622.030795742634,0.8341918356631941,0.4688710091603823,0.4301219183366063,36568616.27443209,0.13249222077946202,43162.766480813385,62194.0
30,1080.1110745974368,926.0443641143609,1080.1110745974368,926.0443641143609,0.0,3043.0,0.9078163568863337,62.24522419133134,479.80672899076507,63.52204930294839,489.6489183033961,0.020512820512161373,0.9557495040109483,16929.70664734047,0.8893737600273706,0.4830276322142119,0.40971801963456633,48426495.913253106,0.1440703000790434,44045.729214590865,62451.0
32,1371.0469777638584,460.00062637018476,1371.0469777638584,460.00062637018476,0.0,3193.0,0.9050924332117142,63.76091174331947,491.4901488183817,66.37674401996847,511.6538472314435,0.04102564102435413,0.9389966738844868,15376.006458108524,0.8474916847112168,0.42688815187423323,0.32533689083855494,86500125.18628085,0.20737368806301149,43258.09834011901,62451.0
33,280.7229244960711,629.1100102494021,280.7229244960711,629.1100102494021,0.0,2927.0,0.9180148344214087,61.047294349871244,470.57269045594296,62.299546541663474,480.22546359350076,0.02051282051214848,0.9345001775645401,15110.533015820816,0.8362504439113498,0.4372619916012826,0.4357821290081943,36368370.18467282,0.12947246649969815,43370.396310215234,62194.0
35,1164.8049738219895,291.976112565445,1164.8049738219895,291.976112565445,0.0,3056.0,0.89925904296682,62.37804139848138,480.8305278531559,63.65759096562971,490.6937181680924,0.020512820512162716,0.9558719782680216,14635.372632592127,0.8896799456700537,0.42259406225188306,0.3929645977817541,53827346.96450092,0.15447584989714092,44019.99607329843,62451.0
36,215.40981432360743,626.4638594164456,215.40981432360743,626.4638594164456,0.0,3016.0,0.8381139322002117,61.968463486851526,477.6733661496022,63.23961145581258,487.47179417318375,0.020512820512158404,0.9010576907559569,10797.597038255884,0.868897830796826,0.3334359773165745,0.35914420072809633,61817021.285131186,0.17843969023380885,43271.60809018568,62451.0
37,522.591871011085,84.36378904937857,522.591871011085,84.36378904937857,0.0,2977.0,0.7952283293502344,61.5665016439669,474.57491161723937,62.82940424179186,484.30978159913144,0.02051282051215414,0.8552996166949849,8981.479471073024,0.8382164661442382,0.27430245741544523,0.3731115900123655,47882206.02346021,0.16801633258480617,41980.00470272086,62194.0
38,1025.0272785622592,757.7358793324776,1025.0272785622592,757.7358793324776,0.0,3116.0,0.7399689708761755,62.98741478577103,485.52777901560233,62.98741478577102,485.5277790156023,1.1280709617217878e-16,0.8887923408964062,9540.440683970783,0.8801955370627456,0.3069450583366775,0.39485071192249116,49387436.15046324,0.1532602752901454,42815.57317073171,62451.0
39,73.94748858447488,954.8666014350946,73.94748858447488,954.8666014350946,0.0,3066.0,0.9168445174322586,62.48001635849665,481.61658449669045,63.76165771969658,491.49589905046867,0.020512820512163885,0.9552586496602686,15586.281440082828,0.8881466241506712,0.43369666314337135,0.43438086752255917,38168140.05680889,0.13021271763265815,43836.94096542727,62194.0
41,1202.793703951775,343.5639651707971,1202.793703951775,343.5639651707971,0.0,2986.0,0.8716582054713535,61.6594946506959,475.29173240079865,62.92430479737684,485.04130639876377,0.020512820512155187,0.9542627740592204,13790.261535191783,0.885656935148051,0.3985757532898243,0.3760072217728113,60139712.02319702,0.16595233870380646,43645.41661085064,62451.0
42,794.1315345699832,166.483305227656,794.1315345699832,166.483305227656,0.0,2965.0,0.9035663730580668,61.44229203195269,473.61746293866184,62.70264674030043,483.33269294765995,0.020512820512152696,0.9531363510465622,16117.133113971746,0.8828408776164054,0.45199234469464916,0.39830548512266445,50098007.76973857,0.15106357741772858,43716.61011804384,62451.0
43,727.4226839237057,174.008514986376,727.4226839237057,174.008514986376,0.0,2936.0,0.913262502101071,61.141077054157606,471.29559848887465,62.39525299373007,480.96320050915926,0.020512820512149494,0.9490652658912697,13622.866694484637,0.8860420956999463,0.4007188636055731,0.41914487606407164,40270504.283150464,0.13858099122918474,42839.34400544959,61937.0
44,1010.4272665764547,366.80040595399186,1010.4272665764547,366.80040595399186,0.0,2956.0,0.9194836363115687,61.34896978953388,472.89810429775764,62.60741019547303,482.59857823207057,0.020512820512151638,0.9559844624946248,16155.272569718769,0.8899611562365619,0.45897290452275397,0.452187605364245,34089032.082795575,0.12114714957622125,44047.85250338295,62451.0
45,984.0847050754459,425.92969821673523,984.0847050754459,425.92969821673523,0.0,2916.0,0.9199413597959135,60.93247502315768,469.687625195257,62.18237194670963,479.3222431479802,0.020512820512147194,0.9580717629185169,16695.157330923,0.895179407296292,0.46834416082188673,0.3821728717662193,55666708.16239719,0.16166169131222757,43826.167695473254,62451.0
46,46.70224155235865,785.9257276681165,46.70224155235865,785.9257276681165,0.0,2989.0,0.8607598467057402,61.69046116875283,475.53043254093245,62.95590652606057,485.28490295202846,0.020512820512155326,0.9319290250867793,13174.698890414587,0.8698480105324654,0.4013177368297969,0.3923013947004955,51105930.269045055,0.1549060527208819,44073.823352291736,62451.0
47,177.82685153872168,791.4721001014542,177.82685153872168,791.4721001014542,0.0,2957.0,0.9251795835811523,61.35934593671836,472.9780870643842,63.8766524366863,492.38231627728203,0.041025641024303866,0.9346000619030892,16516.951658807106,0.8365001547577227,0.47071130019914464,0.40621282421769866,43475144.35917656,0.1461763736597536,43739.279337166045,62451.0
48,1145.0247476392055,913.7694562031911,1145.0247476392055,913.7694562031911,0.0,3071.0,0.893513024491889,62.530941476053954,482.0091321081109,63.81362745504993,491.896498920585,0.020512820512164423,0.9462965884152119,15252.659731767062,0.8657414710380297,0.45406849048151693,0.41036660160127936,48032370.23664242,0.14368454842522016,43583.718658417456,62194.0
49,1053.8214285714287,136.1486394557823,1053.8214285714287,136.1486394557823,0.0,2940.0,0.9070145610561595,61.18271211315643,471.616535263207,62.437742105221176,481.2907206019395,0.020512820512149997,0.9305019448012097,15384.39353749936,0.8262548620030242,0.4517328898785431,0.4379640165392712,37086763.782112285,0.12832926044971832,43754.68707482993,62451.0
50,906.7405378465515,324.8230807671809,908.9027009437032,322.6609176700293,3.0577603760544365,3073.0,0.7191750650669195,62.551299914319564,482.1660616685469,61.26819632633352,472.27547578816643,0.020512820512164617,0.8531606539108063,8594.723332343352,0.8578383357777472,0.28541349533068044,0.41122255316478107,43750479.29034726,0.1431773238855627,42364.020501138955,62194.0
51,818.5155237120437,389.83657454793587,818.5155237120437,389.83657454793587,0.0,2931.0,0.8916976240605863,61.088993326283926,470.89411992679413,62.34210088169487,480.55348648939497,0.020512820512148772,0.9561135182699454,13893.370252531118,0.8902837956748636,0.4065338736653201,0.4472609832713754,31607068.47616815,0.12358310637466234,42761.78369157284,62451.0
52,1177.402815934066,402.8080357142857,1177.402815934066,402.8080357142857,0.0,2912.0,0.9133102828271754,60.890668860415666,469.36536949680783,62.13970822165496,478.99337707622954,0.020512820512146788,0.9571419090375612,15033.61241299837,0.8928547725939031,0.44528876550734436,0.42710395827967346,38839424.47832192,0.13413503448384956,43151.64148351648,62194.0
53,187.03201887428378,456.8975396022919,187.03201887428378,456.8975396022919,0.0,2967.0,0.910053810967019,61.463011065430464,473.77717208598955,62.72379077959313,483.4956781800611,0.020512820512152866,0.9563672613718894,17058.74708140689,0.8909181534297232,0.4746641189866992,0.42905681650685107,40500106.269344494,0.13306936553099422,44306.81732389619,62451.0
54,676.7692307692307,293.06056387051865,676.7692307692307,293.06056387051865,0.0,2873.0,0.9139472404639473,60.481544391856616,466.2117030820801,61.72219145630495,475.7750200683791,0.020512820512142052,0.9544932026570898,13610.221001728994,0.8862330066427246,0.40399474152811055,0.4136964555117302,41517738.73295319,0.14172312493299702,42558.23390184476,62194.0
55,882.2523013978861,382.5860893283328,882.2523013978861,382.5860893283328,0.0,2933.0,0.8871844956769072,61.10983214433036,471.05475241310603,62.3633671626756,480.7174140010672,0.02051282051214919,0.9263440718929516,13609.197865735245,0.8223872855935125,0.40536370973453206,0.45931593329699183,28778163.499074247,0.11771506875930732,43000.752812819635,61937.0
56,21.332790886899918,728.5223759153783,21.332790886899918,728.5223759153783,0.0,2458.0,0.8772890282504263,55.94303174622403,431.22734990037105,57.09058111537734,440.07303912909657,0.02051282051208711,0.7897043018899412,5237.426240689497,0.9305120697704851,0.14751079694148575,0.3402590047934673,74565300.0543126,0.19389376501791236,43167.63547599674,61937.0
57,1467.1900067980964,96.62304554724678,1467.1900067980964,96.62304554724678,0.0,2942.0,0.9098179066525525,61.20351902146517,471.7769217787306,62.45897582190548,481.45439709726867,0.02051282051215024,0.9554073229507085,15373.52096729866,0.8885183073767712,0.43432105047316133,0.38068157931422203,57555235.6086148,0.16268673199303413,43262.65669612509,62451.0
58,1024.3921832884098,196.92756064690028,1024.3921832884098,196.92756064690028,0.0,2968.0,0.8030002368315294,61.473367963484506,473.85700647396646,62.73436012683803,483.5771501965093,0.02051282051215302,0.9469071440510126,14701.07423227425,0.8672678601275317,0.42078592193760667,0.39419064352631866,49089337.21911894,0.15368435715629405,43056.33221024259,62451.0
59,1128.4492122024808,240.03955749245725,1128.4492122024808,240.03955749245725,0.0,2983.0,0.9053545207409678,61.628512572874826,475.05291232086813,62.892687189754305,484.79758744539873,0.020512820512154757,0.9576107256895496,14355.18158992887,0.894026814223874,0.4281124977739334,0.3932396426458892,50506541.182221144,0.15429786103749873,43435.32618169628,62451.0
60,804.8133790737564,279.83053173241854,804.8133790737564,279.83053173241854,0.0,2915.0,0.8919643080338507,60.92202617200941,469.60708200248524,62.17170876015319,479.2400477871516,0.02051282051214701,0.9286235399755622,11783.195375279438,0.8631636952520386,0.35581166134354,0.39371862175384215,49043216.23907603,0.15398849451048127,42519.26140651801,62194.0
61,1242.6481061832308,393.97410165101974,1242.6481061832308,393.97410165101974,0.0,3089.0,0.8816983527977958,62.713929502837864,483.41966420461017,64.00036908238326,493.3359650088073,0.02051282051216638,0.9513295922865008,16529.411642458246,0.8783239807162517,0.4692299422777254,0.3734707357690268,66742694.528643385,0.1677585963839616,44758.85043703464,62451.0
63,119.85918367346939,567.3619047619047,119.85918367346939,567.3619047619047,0.0,2940.0,0.9123027394599182,61.18271211315643,471.616535263207,62.437742105221176,481.2907206019395,0.020512820512149997,0.9302720394806778,14764.376961858623,0.8269011034231816,0.4257238851616705,0.4495828288970271,33098751.603177465,0.12242842380197777,44319.21292517007,62451.0
65,42.174247491638795,897.171237458194,42.174247491638795,897.171237458194,0.0,2990.0,0.9118230934802034,61.70077988776266,475.6099726322375,62.966436911101376,485.36607463495,0.02051282051215556,0.956488134689067,15419.555953275549,0.8912203367226673,0.44233211347137624,0.43588539936646936,37746934.51755385,0.12941809967790477,44086.845819398,62194.0
66,1035.8196213425128,307.6392426850258,1035.8196213425128,307.6392426850258,0.0,2905.0,0.9111148254165331,60.81743892548952,468.8008889925186,62.06497613421751,478.4173174846728,0.02051282051214595,0.9559792887637908,14666.812682252325,0.889948221909477,0.4298470489429736,0.4418241980659368,34643757.88990777,0.12633436655969718,43673.81032702237,62451.0
67,878.1888852133642,843.1481971551439,878.1888852133642,843.1481971551439,0.0,3023.0,0.9076502647061886,62.04033481320356,478.22737405066135,63.312957065782086,488.03716633887996,0.02051282051215915,0.9614956382090529,15886.260764396282,0.903739095522632,0.4605464830499261,0.30707234929387806,105317931.10226251,0.22565615311815912,42764.5279523652,62451.0
68,1014.0348275862069,84.84689655172414,1014.0348275862069,84.84689655172414,0.0,2900.0,0.8913263115307208,60.76507779746498,468.3972721385332,62.01154093177195,478.0054213106056,0.0205128205121452,0.9518786745248291,13388.730355051712,0.8863838225137122,0.39966164150970906,0.40077558826192344,43883149.98362568,0.14951619541918273,42377.527586206896,61937.0
69,1090.1635928961748,188.42588797814207,1090.1635928961748,188.42588797814207,0.0,2928.0,0.9183284711943577,61.05772176379132,470.6530684034855,62.3101878512537,480.3074903194544,0.020512820512148505,0.952939524541927,14038.59267293486,0.8915534483537436,0.42583428714356986,0.4337794307589308,36371904.731450275,0.13053190840571263,43322.23019125683,62451.0
70,997.5651302605211,256.50501002004006,997.5651302605211,256.50501002004006,0.0,2994.0,0.6115474944937985,61.74203751850985,475.92800006505496,61.74203751850983,475.92800006505485,2.3016497812339533e-16,0.9288939291033358,11205.726508342084,0.867839260688665,0.35812101629454607,0.4065226502770036,42739113.78737116,0.14598875347255613,41986.88142952572,61680.0
71,1100.1217331499313,300.12826685006877,1100.1217331499313,300.12826685006877,0.0,2908.0,0.9151908721433224,60.84883397477599,469.042892392785,62.09701518451499,478.66428505725236,0.02051282051214629,0.9597183588986877,14587.602225246648,0.8992958972467192,0.427512839519028,0.41758760642443543,40545486.54801157,0.1394707085687791,43282.40577716644,62194.0
72,972.0351118760757,315.1435456110155,972.0351118760757,315.1435456110155,0.0,2905.0,0.9089099392300464,60.81743892548952,468.8008889925186,62.06497613421751,478.4173174846728,0.02051282051214595,0.9485021191612508,13269.019479733479,0.8819245173907643,0.3883095355550344,0.4129029867546742,41312904.679826096,0.14218764021538763,43070.81135972461,62451.0
73,59.16114864864865,453.2929054054054,59.16114864864865,453.2929054054054,0.0,2960.0,0.9175920967427463,61.39046385568431,473.217954252687,63.9090469882252,492.6320241707459,0.0410256410243044,0.7968772765479317,9700.177963536195,0.7547732612999706,0.3351025483827722,0.4064650466562199,43524815.26862481,0.14602361463217775,44084.61655405405,62451.0
74,123.02448275862069,453.8813793103448,123.02448275862069,453.8813793103448,0.0,2900.0,0.9095466415517887,60.76507779746498,468.3972721385332,62.01154093177195,478.0054213106056,0.0205128205121452,0.9463437555265266,13986.414335004798,0.8870038577760414,0.4040467822107444,0.4372133472988904,35345252.09174428,0.1287212881715558,43710.02827586207,62451.0
75,1022.5083391243919,476.8498957609451,1022.5083391243919,476.8498957609451,0.0,2878.0,0.9035537665566561,60.5341507725003,466.6172104241872,61.77587694219261,476.18884550981153,0.02051282051214278,0.9208231164478113,12479.94008070684,0.8820270367888083,0.3766361489187165,0.4101417792369575,42928792.11694405,0.14381812598083424,42994.01042390549,62451.0
76,219.6109422492401,516.0844309354948,219.6109422492401,516.0844309354948,0.0,2961.0,0.913493236492275,61.400832990773154,473.2978829677664,63.91984152372795,492.7152320125978,0.04102564102430476,0.8219351149236149,9819.012772253862,0.7715602031209678,0.33075787766264597,0.3547272617579169,62131021.2895606,0.1819067232228823,42997.983451536646,61937.0
77,84.77931511587686,620.8578346592874,84.77931511587686,620.8578346592874,0.0,2891.0,0.9151987026804824,60.67071388923453,467.6698839938031,61.91524135362908,477.2631123834196,0.020512820512144255,0.9553197241047651,14968.523904379654,0.8882993102619124,0.43388161265420383,0.4083225662583876,44036083.174450144,0.1449044169082728,43947.35558630232,62451.0
78,18.707783340919434,840.1561219845244,18.707783340919434,840.1561219845244,0.0,2197.0,0.8467510344140082,52.88957628666685,407.6903075778026,52.889576286666845,407.6903075778026,1.3434456950118446e-16,0.7555142718418772,4336.464399816246,0.94949437308502,0.12113618888845001,0.3278058742832316,73173743.13107586,0.20505859670347998,42394.82294037323,62194.0
79,77.05866114561766,842.9451345755693,77.05866114561766,842.9451345755693,0.0,2898.0,0.908919368005891,60.744120708448,468.23572798055096,61.9901539537495,477.84056342630583,0.020512820512145123,0.955387713643925,15231.083522130766,0.8884692841098125,0.44764141874557695,0.4087791948049749,44938279.30439649,0.144630845382699,43594.40096618357,62194.0
80,181.45708446866485,281.10967302452315,181.45708446866485,281.10967302452315,0.0,2936.0,0.9027082983108113,61.141077054157606,471.29559848887465,63.64942893330253,490.6308025294438,0.04102564102429899,0.9400697756016272,14836.09697745401,0.8501744390040678,0.4319363575153305,0.3723783304082725,54096542.62266491,0.16854409033511916,42685.80926430518,61423.0
81,1074.360350877193,358.87894736842105,1074.360350877193,358.87894736842105,0.0,2850.0,0.917414346112523,60.238963325203514,464.34180816856593,61.4746343677718,473.86676833612637,0.020512820512139592,0.9339834544190924,14958.443102266388,0.8349586360477306,0.44010413167833595,0.3997121568421662,47712162.66660414,0.15018003152575335,43198.54385964912,62451.0
82,1073.9989455184534,639.9891036906854,1073.9989455184534,639.9891036906854,0.0,2845.0,0.8777062674165897,60.18609893298899,463.934311988127,60.186098932989,463.93431198812704,1.180576160165497e-16,0.9178023779716358,10882.262298191363,0.8659714580411695,0.3265335492193796,0.3478899543388339,71766895.86381748,0.1874472193083309,41806.35711775044,61937.0
83,1119.2549413735344,129.12361809045225,1119.2549413735344,129.12361809045225,0.0,2985.0,0.8977460024967518,61.64916902144311,475.2121390430605,62.9137673603445,484.96008035676425,0.020512820512154986,0.9470118248217487,14084.17451292306,0.8982589129733666,0.4150807395097553,0.4045942036943272,46571428.91082088,0.14716122743950744,43793.83316582914,61937.0
84,1138.171875,352.32604166666664,1138.171875,352.32604166666664,0.0,2880.0,0.9032739060928109,60.555180528483845,466.7793147231278,61.79733807778608,476.35427502514074,0.02051282051214305,0.9617179971107561,15211.160288984198,0.9042949927768902,0.43409298074546865,0.41579186127083223,40984474.553939484,0.14050494806309713,43209.642013888886,61937.0
85,89.31338637149776,510.1023867173988,89.31338637149776,510.1023867173988,0.0,2891.0,0.9036230903327663,60.67071388923453,467.6698839938031,61.91524135362908,477.2631123834196,0.020512820512144255,0.9008586759355548,11610.091156144053,0.8746176779286834,0.35383650546710976,0.3924766093136382,49062788.427195475,0.15479225418013998,43400.73054306468,62194.0
86,1189.7539893617022,513.0009973404256,1189.7539893617022,513.0009973404256,0.0,3008.0,0.7510312973506742,61.88622262316039,477.0394264327859,61.88622262316039,477.0394264327859,0.0,0.8797952807789422,9015.667588967226,0.8787753447101082,0.2815785995339991,0.43711799177991467,32417789.340127908,0.12877118279393354,42580.74767287234,61937.0
87,1151.3773059519665,462.12808910546465,1151.3773059519665,462.12808910546465,0.0,2873.0,0.9041758513300431,60.481544391856616,466.2117030820801,61.72219145630495,475.7750200683791,0.020512820512142052,0.9329516548471295,12823.032855095778,0.890379854353238,0.39421887420791074,0.38373637443137254,53124307.5399228,0.16059557202045754,43359.20083536373,62194.0
88,831.2747446283903,499.7699894328989,831.2747446283903,499.7699894328989,0.0,2839.0,0.9138734486362993,60.12260030556835,463.4448436134216,62.589168523232686,482.45796540269015,0.04102564102427623,0.9376661629080794,15014.626108721122,0.8441654072701982,0.45400383835426256,0.4256637431280236,35715439.80594835,0.13492722040440214,42486.29129975344,61937.0
89,1060.8207321245295,529.192952446117,1060.8207321245295,529.192952446117,0.0,2923.0,0.8173115773437553,61.005566871072354,470.25104127929313,62.25696311458153,479.8972164850222,0.02051282051214803,0.9255001551547497,12414.811366113474,0.8623917615522937,0.37644259180729533,0.39290396856409743,48154091.33771604,0.15451511819913377,43081.5703044817,62194.0
90,932.6048064085447,543.7696929238986,932.6048064085447,543.7696929238986,0.0,2996.0,0.8816034334844871,61.762655998803574,476.0869341152575,63.02958227570211,485.85281994326283,0.02051282051215631,0.9081326082898624,12058.20772284208,0.8343768797996962,0.3614680291166097,0.369795256805496,59416745.164774045,0.17041990982755562,42932.81074766355,62451.0
91,54.92220699108979,564.3070596298835,54.92220699108979,564.3070596298835,0.0,2918.0,0.9002273772659436,60.9533673519126,469.8486701597684,62.20369283605439,479.48659159894305,0.020512820512147333,0.9528030085080756,14522.635880855401,0.8823499388287132,0.42587882655503234,0.4437666506284509,34020661.82364529,0.12534365720899165,43718.80020562029,62451.0
92,715.244193989071,625.8637295081967,715.244193989071,625.8637295081967,0.0,2928.0,0.9107740484168718,61.05772176379132,470.6530684034855,62.3101878512537,480.3074903194544,0.020512820512148505,0.9502278209746029,13256.403863942329,0.900340462886124,0.3880440835595485,0.37728369746241225,51581155.98183467,0.1650525338693245,42283.69740437158,61423.0
93,50.47724137931034,674.5531034482758,50.47724137931034,674.5531034482758,0.0,2900.0,0.9073455503501328,60.76507779746498,468.3972721385332,62.01154093177195,478.0054213106056,0.0205128205121452,0.9515063081406927,13899.136477323342,0.8826628535269575,0.4113457936274221,0.4009550976239635,48118153.03611833,0.14940448592022937,44096.32586206897,62194.0
94,919.513419309864,714.0463576158941,919.513419309864,714.0463576158941,0.0,2869.0,0.8976463392946655,60.439426319623365,465.8870430823423,61.67920942361564,475.4437003763391,0.020512820512141712,0.9625852052794686,12104.894756033136,0.911078928611226,0.3615933928022148,0.33204418890981774,76387283.80438547,0.20116473451417552,42515.89787382363,62194.0
95,1154.4274139095205,181.6080351114112,1154.4274139095205,181.6080351114112,0.0,2962.0,0.8917053585966224,61.41120037505823,473.37779818707253,62.67091730582865,483.08811199603815,0.020512820512152436,0.9500978637740651,12868.739844382508,0.8905866932539442,0.3884318591973362,0.3385326106716544,78035104.57085446,0.19539251713918585,42960.56076975017,62451.0
96,677.0111459421804,573.7331940090561,677.0111459421804,573.7331940090561,0.0,2871.0,0.9035464215692847,60.460489023284055,466.04940135285113,61.70070418273603,475.6093890729096,0.020512820512141917,0.8973782139868929,12654.485536390517,0.8266477858540089,0.38424596944001316,0.4187566281614311,39181922.97157891,0.13880219028186916,42646.24521072797,61680.0
97,883.6575246132209,98.87060478199719,883.6575246132209,98.87060478199719,0.0,2844.0,0.8935140782358886,60.17552048156129,463.8527697936333,61.40989013246511,473.36769840478473,0.020512820512138645,0.8896588796640252,11161.120986519472,0.8262258546530072,0.3490562214465319,0.4095675659788691,40866055.776506856,0.14415995871401427,42259.7823488045,61937.0
98,562.0782638414217,136.24846206425153,562.0782638414217,136.24846206425153,0.0,2926.0,0.8482310332977357,61.036865154553,470.49229877679545,62.28890341413357,480.1434228542682,0.020512820512148342,0.9259186670365069,11779.793291012838,0.8612822184450954,0.3735985374758034,0.4360795787613993,33666525.17364094,0.1293159433973746,41942.47026657553,61937.0
99,124.88352084712112,165.00330906684314,124.88352084712112,165.00330906684314,0.0,3022.0,0.8985442963183411,62.03007257927127,478.14826936497406,63.30248432448708,487.95643899297346,0.020512820512158997,0.9584251158451751,14641.82613691143,0.8960627896129377,0.41624451782855293,0.33148453553406587,84505696.02121073,0.20167319823498445,43229.49205823958,62451.0
100,1111.6175548589342,410.5158481365378,1111.6175548589342,410.5158481365378,0.0,2871.0,0.9110851097295313,60.460489023284055,466.04940135285113,61.70070418273603,475.6093890729096,0.020512820512141917,0.9280141438060718,14681.560937514523,0.8325254621531086,0.42875884584936286,0.3939402404694367,50055566.85394149,0.15384560836139907,43345.990595611285,62451.0
101,1048.0398589065255,418.5784832451499,1048.0398589065255,418.5784832451499,0.0,2835.0,0.9202869278421781,60.08023060312091,463.11824396495496,62.54506057658228,482.1179667942864,0.04102564102427532,0.9358614005216104,14900.809824182226,0.8396535013040258,0.42541654915665544,0.3927383550795985,45449248.19814476,0.15462244445091805,43325.4860670194,62194.0
102,284.52696510398306,517.0084596404653,284.52696510398306,517.0084596404653,0.0,2837.0,0.8809632339612794,60.10141918801632,463.28157256956183,61.33426881238588,472.7847843145784,0.02051282051213776,0.9328015973293478,12769.656362413976,0.8934119821360607,0.3928400835831052,0.4123497301513309,39812855.483720295,0.14251258746622766,42142.56468100106,62194.0
103,997.1056289089646,536.5753995830438,997.1056289089646,536.5753995830438,0.0,2878.0,0.902646632546913,60.5341507725003,466.6172104241872,61.77587694219261,476.18884550981153,0.02051282051214278,0.953808906590212,13347.21288612058,0.8845222664755301,0.38653594434791455,0.40508742629159966,43509496.553963296,0.1468602911609891,42597.79464906185,61680.0
104,185.03234782608695,570.1346086956522,185.03234782608695,570.1346086956522,0.0,2875.0,0.8964511242224908,60.502592432999045,466.3739483290595,61.74367125213749,475.9405934229889,0.02051282051214247,0.8455772128798911,10120.415285314943,0.8052643237960863,0.3431624417773799,0.46305389238249545,27714414.01750976,0.11595758430078634,43046.472,61937.0
105,250.7355343771273,571.8703199455412,250.7355343771273,571.8703199455412,0.0,2938.0,0.8508382662262902,61.16189812646357,471.4560941851629,62.41650116495512,481.12698842485844,0.020512820512149612,0.8609755140845821,10307.144079782434,0.8247306865625549,0.3228765212431076,0.44305885815266843,31097105.90980733,0.12570364672754647,42946.46698434309,62194.0
106,1265.0970598868512,615.9377389596555,1267.2592229840027,618.0999020568071,3.057760376054356,3063.0,0.5331176298340413,62.449441354777576,481.3809022782726,59.88741299150465,461.631942184805,0.0410256410243272,0.948901349191654,10812.611248368243,0.8934579759731549,0.32288626356672545,0.41018946472367246,43008477.03696507,0.14378978155220498,42500.14789422135,62451.0
107,817.2985749044143,669.7400069516858,817.2985749044143,669.7400069516858,0.0,2877.0,0.9129891538459982,60.52363315435602,466.5361371527171,61.76514357803511,476.1061091968753,0.020512820512142507,0.9605887539224953,13918.85628349146,0.9025682500764483,0.4142384577779558,0.42562045741433635,36058139.1192733,0.134951112565182,42245.72610358012,62451.0
108,246.34681674287725,683.1178332747098,246.34681674287725,683.1178332747098,0.0,2843.0,0.9021995705193513,60.16494017018606,463.77121326205025,62.63324540793728,482.7977245753651,0.04102564102427727,0.9250488430470809,14388.714774000746,0.8338207276969647,0.4007570029212332,0.4120184649640655,40421984.921232626,0.1427075689647103,43357.42771720014,61680.0
109,212.3482237073514,737.8030249736195,212.3482237073514,737.8030249736195,0.0,2843.0,0.9174129375161804,60.16494017018606,463.77121326205025,62.63324540793728,482.7977245753651,0.04102564102427727,0.9352489968472004,14693.881687173478,0.838122492118001,0.42089439262653244,0.41027102231947876,39981131.78984108,0.14374131868891735,43075.11642631023,62194.0
110,143.3003436426117,846.0570446735395,143.3003436426117,846.0570446735395,0.0,2910.0,0.9126830092812775,60.86975501165849,469.2041586490175,62.118365370872,478.8288593392537,0.02051282051214653,0.9156305580288542,13369.938968299077,0.8264347685626265,0.41865641646656154,0.3917183245762287,49441285.90439522,0.1552854786872242,42879.69931271478,62451.0
111,600.0702493853179,187.63154197400772,600.0702493853179,187.63154197400772,0.0,2847.0,0.786809871312106,60.207250259923086,464.0973533960729,60.20725025992308,464.09735339607283,1.1801614135656172e-16,0.8982483776669334,10040.287718348336,0.9026134442241712,0.3145679735611483,0.4044666419727403,41856604.99821164,0.1472391777780766,41744.129961362836,61423.0
112,960.2907458563536,203.5107044198895,960.2907458563536,203.5107044198895,0.0,2896.0,0.8855292753696161,60.72315638661277,468.0741280696188,63.2143628024738,487.2771692211928,0.04102564102428966,0.9188843734192227,11932.18326962512,0.8558705770335228,0.3694259864295602,0.3302363550706757,70315326.34267887,0.2028134197356873,42355.303867403316,61166.0
113,934.0751544269046,262.33047357584076,934.0751544269046,262.33047357584076,0.0,2914.0,0.8233208871667885,60.9115755284516,469.52652499322926,62.161043744419835,479.1578383264237,0.020512820512146944,0.8862475152617251,9222.448195082456,0.8696590652737928,0.2911507118098371,0.3964713181139863,39877867.8000284,0.15222505495656005,41687.18153740563,61680.0
114,856.504,441.57878260869563,856.504,441.57878260869563,0.0,2875.0,0.9017057222280664,60.502592432999045,466.3739483290595,61.74367125213749,475.9405934229889,0.02051282051214247,0.9276042217806937,12924.791125558157,0.8395059636964165,0.3926290073133945,0.38635501062855176,50779210.14897413,0.15882930788787336,42109.56173913043,61937.0
115,805.2904578818595,559.3219154141908,805.2904578818595,559.3219154141908,0.0,2861.0,0.9047885879339255,60.35510200047135,465.2370434032933,62.831208749208635,484.32369133778735,0.041025641024281564,0.9253501215949864,12419.798102586277,0.8508243267358813,0.3570366028051866,0.3848479694328091,47050789.32717359,0.1598428676845574,42171.08598392171,62451.0
117,663.6782894736842,180.05657894736842,663.6782894736842,180.05657894736842,0.0,3040.0,0.6970675489692795,62.21453380035002,479.570157329252,62.21453380035001,479.57015732925197,1.1420848029134649e-16,0.872675306432896,8357.395657520194,0.8855505021339483,0.27598254480142803,0.34831762572706426,59857413.69757688,0.18709428582967627,41675.84703947369,61937.0
118,740.2690426275332,286.5003494060098,740.2690426275332,286.5003494060098,0.0,2862.0,0.9007139876458699,60.36564898211594,465.3183430183137,61.603918704826015,474.8633346699715,0.020512820512140918,0.9592270653236346,13859.990164233508,0.8980676633090863,0.4121280745708903,0.3986915365120202,45272370.54717569,0.15082047357929074,42392.428371767994,62194.0
119,505.84251968503935,865.041081821294,505.84251968503935,865.041081821294,0.0,2921.0,0.8996226885154965,60.984692424996375,470.09013416037226,62.23566047473989,479.73300870725166,0.02051282051214775,0.9207203038915024,11155.506257536756,0.8970708595455571,0.3302747894765164,0.30903160827704107,101227032.97491069,0.2235914945967335,42455.76651831564,62451.0
120,161.30557491289198,398.3651567944251,161.30557491289198,398.3651567944251,0.0,2870.0,0.9023237957271746,60.44995858881887,465.9682292889501,62.92995688989862,485.0848745931122,0.04102564102428364,0.912507158570413,12678.853402181048,0.8470293395048905,0.37374126326495655,0.36002491156095573,58188940.73272316,0.17775855722436315,42502.068989547035,61423.0
121,310.3953818827709,287.6429840142096,310.3953818827709,287.6429840142096,0.0,2815.0,0.9137946038362369,59.86793230461098,461.4817786216019,62.32405260428733,480.4143644112061,0.04102564102427052,0.8477805940825398,9861.211757851266,0.8094840754814724,0.32616001473109274,0.3785156093969413,41190354.29110286,0.16418989737126563,39629.94777975133,60138.0
122,394.53205128205127,98.4880740283257,394.53205128205127,96.32591093117409,2.1621630971516055,2964.0,0.8290059619944473,61.43192989476256,473.53758816569507,61.43192989476256,473.53758816569507,0.0,0.9303684700385386,11055.166426250167,0.9042731047037824,0.33979640972362113,0.32825482816740853,74888009.86827269,0.20464136828781218,41564.981106612686,62194.0
124,112.21458333333334,790.0878472222222,112.21458333333334,790.0878472222222,0.0,2880.0,0.869991149511949,60.555180528483845,466.7793147231278,61.79733807778608,476.35427502514074,0.02051282051214305,0.9312711273439314,12249.848725857228,0.8909072914689361,0.37436694016530014,0.3858225516972146,50878878.76648402,0.15918650830570913,42952.28506944444,61680.0
126,652.1436639604659,68.7599717613837,652.1436639604659,68.7599717613837,0.0,2833.0,0.8011986315159545,60.05903454297876,462.9548577386794,60.05903454297875,462.9548577386793,1.1830738558209227e-16,0.8917819119246557,9399.788727087125,0.8922646994753847,0.29290021714262027,0.421298307932486,36979435.80616211,0.13736150399166858,41631.82280268267,61423.0
127,617.7498375568551,853.1636978515163,617.7498375568551,855.3258609486679,2.1621630971516197,3078.0,0.6918260771970283,62.602167044718435,482.5581622958144,61.31802002841651,472.6595333256438,0.020512820512165266,0.9325544781806998,9956.839020685276,0.912029362720595,0.3085157770121899,0.3150567522049296,88321629.824406,0.2174031322933041,42356.07147498376,62451.0
130,564.8882622488544,716.830454705675,564.8882622488544,716.830454705675,0.0,2837.0,0.9078385581962317,60.10141918801632,463.28157256956183,62.56711843675545,482.2879960595951,0.04102564102427576,0.8377560487014666,9835.641510299605,0.8125050053532518,0.3316653852441787,0.3274210209729696,68167152.17333792,0.2054171650397961,41311.05146281283,61423.0
132,612.2966162706983,298.5766738660907,612.2966162706983,298.5766738660907,0.0,2778.0,0.8549791868921487,59.47318265633917,458.43891806533884,61.91310809865051,477.24666855007064,0.04102564102426125,0.8673528227320242,10150.79517547503,0.8311006235246927,0.30628422414782985,0.381294304574619,46485632.51335431,0.16226460453313715,41741.407127429804,61937.0
134,663.8153261995168,462.0569554711771,663.8153261995168,462.0569554711771,0.0,2897.0,0.8296067405289439,60.73363945210073,468.1549349978116,61.979457697272025,477.7581131516128,0.020512820512144942,0.9357804955517723,11045.118032494576,0.8965490758577929,0.3389214661822733,0.3248331651975645,81048952.22246736,0.20785033892453592,42351.4176734553,62194.0
135,572.6154125772447,956.8440567066522,572.6154125772447,956.8440567066522,0.0,2751.0,0.9114549859919988,59.18346042237166,456.2056434775801,60.397480123343385,465.5637079591715,0.020512820512127303,0.9478785382843402,11422.019854149614,0.8935322829335266,0.3349302236637841,0.35575938266296436,62299510.72239441,0.18108886194784346,41663.70774263904,62194.0
137,1176.4604084557507,682.6538874955213,1176.4604084557507,682.6538874955213,0.0,2791.0,0.8648448640658719,59.612176351445505,459.5103273351379,59.6121763514455,459.51032733513784,1.1919422829779502e-16,0.8743295569445801,7554.515551172038,0.8985183570186875,0.24047806799731652,0.3915920801808684,50063223.67933647,0.15536777953683853,42723.87889645289,61937.0
139,139.7321693907875,959.2704309063893,139.7321693907875,959.2704309063893,0.0,2692.0,0.8896889449961919,58.5453743213506,451.28706524249645,60.94723583197011,469.8014063806501,0.04102564102423952,0.8795303310639679,10244.040991950551,0.8784562266407633,0.3474926993461531,0.3890007462810081,36938866.59514344,0.15706891556388314,37258.98551263002,57825.0
140,944.4866374152373,374.1970482648584,944.4866374152373,374.1970482648584,0.0,2507.0,0.9171382529372798,56.49788968316474,435.50437798142923,58.81575182401252,453.3712242575904,0.04102564102418865,0.8623332231451459,12108.576720920113,0.808468855399002,0.35979870578718787,0.3812202908622767,42398689.26466438,0.1623155230636109,41452.244515357,61166.0
149,107.9021207177814,899.8603588907015,107.9021207177814,899.8603588907015,0.0,3065.0,0.8063685115649483,62.46982635331456,481.5380365740452,63.751258688767166,491.41573988838456,0.02051282051216379,0.9357550132053747,14057.377631045398,0.8393875330134365,0.43615100213412583,0.4298385821146161,39300654.23351058,0.13264547241907446,43197.884828711256,62451.0
150,1163.4141765114664,572.7244614315497,1163.4141765114664,572.7244614315497,0.0,2878.0,0.7754108018328801,60.5341507725003,466.6172104241872,61.77587694219261,476.18884550981153,0.02051282051214278,0.9568659038113572,13198.270614654073,0.8921647595283926,0.382839062549048,0.39059072670476425,48943596.144070335,0.15602246331768904,42575.2915218902,62194.0
152,1396.4098360655737,601.8022950819673,1396.4098360655737,601.8022950819673,0.0,3050.0,0.7721522808646034,62.31677632421503,480.3582764432364,63.59506917189123,490.2117795497643,0.020512820512162164,0.9491968042837005,14432.769363454883,0.8843104385250412,0.40985651558741587,0.37477567498142583,64976158.26260075,0.16682628216187212,44637.27672131148,62451.0
153,1442.2503086419754,650.7456790123457,1442.2503086419754,650.7456790123457,0.0,3240.0,0.8263877520118211,64.22846818149976,495.0942281375,65.54597522112027,505.250007176218,0.02051282051218178,0.837078328096877,13568.038938815242,0.7760697065936525,0.44237647099485433,0.45858076561951566,39044014.02954389,0.11806409578671682,45594.17962962963,62451.0
154,1279.3448161642928,445.89764822789004,1279.3448161642928,445.89764822789004,0.0,3019.0,0.7619552513386832,61.999275685732464,477.91087674660207,63.27105569979877,487.71417678242983,0.02051282051215883,0.948645918599337,12876.11377112126,0.8716147964983426,0.3754516068939554,0.3509892574068269,73053528.16633958,0.18490900473370142,43997.48062272275,62451.0
155,1305.2958801498128,669.2693224378618,1305.2958801498128,669.2693224378618,0.0,2937.0,0.7744116740524297,61.15148847646452,471.3758531677857,62.405877983674046,481.0451014378941,0.02051282051214955,0.9110286324085577,11549.505710148394,0.878600754619352,0.3547474136696475,0.4067624531523084,44317855.41393715,0.1458437331789715,42233.929179434796,62451.0
156,115.50802139037434,277.90808823529414,115.50802139037434,277.90808823529414,0.0,2992.0,0.7889137653268199,61.72141215046531,475.7690129217962,62.98749239970562,485.5283772894228,0.020512820512155767,0.9480990667765272,14201.748429784268,0.8942916722297708,0.42600884482170104,0.3566851343726257,68677894.02128688,0.18035931515870493,43255.9689171123,62451.0
157,780.4889282859858,337.76190476190476,778.3267651888342,337.76190476190476,2.1621630971516197,3045.0,0.6586144395374571,62.265676048032844,479.964378651333,62.265676048032844,479.964378651333,0.0,0.9030440986824926,11011.966721963376,0.8688009200213299,0.3464543656034892,0.4094501766283017,43124015.68437198,0.14422995936519,42697.954679802955,61937.0
158,612.1646778042959,581.437777020116,612.1646778042959,581.437777020116,0.0,2933.0,0.8222168568397824,61.10983214433036,471.05475241310603,63.61690218102083,490.38007558902825,0.041025641024298266,0.9425560261296513,15997.788124949011,0.856390065324128,0.4646629068779866,0.38510548940997497,50781149.88532832,0.1596691108018514,42940.204909648826,61423.0
159,1383.0117340286831,368.771186440678,1383.0117340286831,368.771186440678,0.0,3068.0,0.8035851821591546,62.50039138475438,481.7736419228437,63.78245069521087,491.65617816741474,0.020512820512163934,0.9235607263482506,11502.904313194853,0.8803441815928252,0.3390351063517882,0.33768185254647964,77160797.86302733,0.1961367312039242,43076.48370273794,62451.0
161,1488.906103286385,926.648200312989,1488.906103286385,926.648200312989,0.0,3195.0,0.8011397862952793,63.7808775843422,491.64405210971245,65.08920327837998,501.7290583068347,0.020512820512177204,0.9593395595025034,16160.935056564502,0.8983488987562582,0.46987071761470606,0.35794197599098454,75462341.4786021,0.17937488952823652,43992.367136150235,62451.0
162,850.6972598217234,964.2796302410036,850.6972598217234,964.2796302410036,0.0,3029.0,0.7749647736202355,62.10187260463897,478.7017276545167,63.37575717088798,488.5212502730709,0.020512820512159972,0.8779956839430396,11740.806926266221,0.8251654124827426,0.380098790992349,0.3468719783691605,78902596.26969308,0.1882907995916996,43586.14790359855,62451.0
163,1330.6009803921568,608.8382352941177,1330.6009803921568,608.8382352941177,0.0,3060.0,0.7399340134303932,62.418851374321186,481.14510461422117,63.69923806917906,491.01474778579495,0.020512820512163313,0.9406195838023845,12876.735094858117,0.8850302831409581,0.3757924000068234,0.40808595183894375,45711480.24282774,0.14504641620073763,43986.05392156863,62194.0
164,725.6869943995022,838.139079029247,725.6869943995022,838.139079029247,0.0,3214.0,0.7788295730095381,63.970242275442516,493.10373763906176,65.2824523734003,503.21868610345274,0.020512820512179075,0.8964406050814271,13356.539242337363,0.8619269176628935,0.42516080320893856,0.3428695411389808,85256013.30388883,0.19165611989857503,43874.793714996886,62451.0
165,714.8758265980896,344.27149155033067,714.8758265980896,344.27149155033067,0.0,2722.0,0.7517631240287528,58.870689148073616,453.79469928077026,60.078293028034096,463.10330849678604,0.020512820512123563,0.8825661520502315,8084.100812147495,0.8889176493090271,0.26733128980422993,0.3271360099726103,73281846.24091244,0.20568325391133976,41191.189566495224,62194.0
167,686.1237968801859,694.0614005974112,686.1237968801859,694.0614005974112,0.0,3013.0,0.7508926510706053,61.93763595978656,477.4357373979015,64.4786671786496,497.0228445732,0.04102564102431631,0.9211095093663499,13636.04363987611,0.8881225734995083,0.42151120009593207,0.3537092415064249,55694751.82466035,0.18271808668076198,39961.49551941586,61423.0
168,829.7099156118144,218.66244725738397,829.7099156118144,218.66244725738397,0.0,2844.0,0.5233733351596838,60.17552048156129,463.8527697936333,60.175520481561286,463.8527697936333,1.1807836975073705e-16,0.8963433291376681,9187.33388981885,0.9005296921372005,0.2770471564932894,0.44647093515899,31555299.38432774,0.1239787455915571,42131.463080168774,62451.0
169,468.71746968207145,480.186496230744,468.71746968207145,480.186496230744,0.0,3051.0,0.7324247981912936,62.326991351957474,480.4370172480343,63.605493738664286,490.29213555055804,0.02051282051216215,0.9615746615115885,16609.159509935216,0.9039366537789715,0.4890271565646187,0.3460702149606048,81362235.75535627,0.18895870166516232,42915.20943952802,62451.0
170,1334.3761034047918,820.5104035308954,1334.3761034047918,820.5104035308954,0.0,3172.0,0.7266730017134034,63.55089170027385,489.87124501997187,64.85449973515125,499.9198859434584,0.02051282051217475,0.9586731001113025,17657.751493191856,0.8966827502782563,0.5013219024256719,0.39904186419976023,56046504.5788858,0.15060027273213628,43993.34426229508,62451.0
173,432.05798138869005,149.0486757337151,432.05798138869005,149.0486757337151,0.0,2794.0,0.7644636379712726,59.64420582076724,459.7572210543947,60.86767670939836,469.1881384093566,0.02051282051213262,0.9551803165163,13102.232907493413,0.8879507912907496,0.3861202011148928,0.3800716053220091,55516928.75909359,0.16310831590609545,42306.026485325696,61937.0
175,1429.6055734190782,148.35544641262143,1429.6055734190782,146.1932833154698,2.1621630971516197,2799.0,0.5904409054738239,59.69755008133684,460.1684162184712,63.37124547095756,488.48647260114626,0.06153846153639969,0.9324602181961525,14146.26140807314,0.8537936107924228,0.4219350366823642,0.32597589673334626,99316443.7257916,0.2067711478122006,44716.16362986781,62451.0
178,690.1107974594213,121.1499647141849,690.1107974594213,121.1499647141849,0.0,2834.0,0.8161235883452886,60.06963350795018,463.03655805833756,61.30183111836966,472.53474386466235,0.020512820512137417,0.9321017255053157,11020.699896448796,0.8783381047838228,0.3161775614674764,0.4072852859823144,40362831.66581568,0.14552814315109414,41781.3623853211,61680.0
180,519.5157699443414,993.2924770910256,519.5157699443414,988.9681508967224,4.324326194303239,3234.0,0.48817335947905105,64.16896981932557,494.6355951274018,64.16896981932557,494.6355951274018,0.0,0.8780905749001771,8688.379649305612,0.8963975852754844,0.303346595949426,0.31697214571859306,85813281.25437495,0.2154851344218104,42852.72356215213,62451.0
184,894.4825387184937,916.7151533556028,894.4825387184937,916.7151533556028,0.0,3293.0,0.7157299083787322,64.75166268763213,499.12718404495536,66.07990192225023,509.3656903843391,0.02051282051218694,0.8545384752435681,16308.177758756516,0.80099957643594,0.49545642251891386,0.4009808997008525,61101938.755343035,0.14938843739091795,45710.17764955967,62451.0
185,1359.84404536862,548.2885948330182,1359.84404536862,548.2885948330182,0.0,3174.0,0.7693354979329957,63.570923502725734,490.0256567637658,63.57092350272574,490.0256567637659,1.117716554341514e-16,0.9086887708268894,11080.534074425685,0.8867341605797628,0.3514734443128202,0.39201026375506004,59986706.49015111,0.15509536164206925,44530.87744171393,62451.0
186,1035.4031634446396,588.3413005272407,1035.4031634446396,588.3413005272407,0.0,2845.0,0.7548924433134765,60.18609893298899,463.934311988127,60.186098932989,463.93431198812704,1.180576160165497e-16,0.9331007626616217,10344.233351458874,0.8728070959462416,0.317961285841163,0.3815206653062306,53402852.96301683,0.1621089998355245,41946.465026362035,62194.0
187,412.0330188679245,630.7705525606469,412.0330188679245,630.7705525606469,0.0,2968.0,0.6751539963918082,61.473367963484506,473.85700647396646,63.995352290191555,493.2972939190522,0.04102564102430615,0.9418206769705255,15709.537826496604,0.8545516924263138,0.47152317708929525,0.4351953707107399,35476975.38629572,0.12978185598960962,42679.0582884097,61680.0
188,494.88507974629084,720.7980198019802,499.2094059405941,720.7980198019802,4.324326194303239,2020.0,0.6742929130433749,50.71433604381535,390.92283795662314,57.99639455267088,447.0553480221895,0.1435897435840807,0.6622357859369579,3440.7683422780565,0.9216637414310149,0.10479758580744966,0.30542623576149946,102393314.10017471,0.22741129703765123,41435.52475247525,62451.0
189,892.2609699769054,772.5694490267239,892.2609699769054,772.5694490267239,0.0,3031.0,0.8210813003456534,62.1223716554051,478.85974110250874,63.39667671500315,488.6825050225602,0.020512820512160163,0.8778268196286114,13517.534475551733,0.8184759730809831,0.42732828625078034,0.414460621990339,44314129.433637545,0.14127744517627777,43762.83503794127,62194.0
190,242.34273772204807,794.7377220480669,242.34273772204807,794.7377220480669,0.0,2871.0,0.8048362072918567,60.460489023284055,466.04940135285113,62.94091934218801,485.1693767929681,0.04102564102428383,0.925357826242649,13368.213771294144,0.841745800337138,0.42450485530748777,0.39772092286117433,43572828.124396786,0.15143258564474693,41954.91431556949,62194.0
192,207.16929265839758,339.6996312437144,207.16929265839758,339.6996312437144,0.0,2983.0,0.815410753920778,61.628512572874826,475.05291232086813,62.892687189754305,484.79758744539873,0.020512820512154757,0.9398633987785052,13320.550508759707,0.8809755728861006,0.40215295679579643,0.4079273186519863,45425643.716181085,0.14514170889670833,42588.682199128394,62451.0
194,290.52169657422513,403.52137030995107,290.52169657422513,403.52137030995107,0.0,3065.0,0.7559432792347158,62.46982635331456,481.5380365740452,63.751258688767166,491.41573988838456,0.02051282051216379,0.9277335765560131,14071.988652740762,0.8309594744778361,0.42075886955793496,0.3906560114893543,54409434.323453516,0.1559796779236945,43495.88743882545,62451.0
195,151.5696061513704,623.893166506256,149.4074430542188,623.893166506256,2.1621630971516197,3117.0,0.5742104644398676,62.99752106979688,485.60568158794734,61.705264227339505,475.6445394015279,0.020512820512169364,0.9421746210838773,10894.54123089264,0.891785805293008,0.34591702724939405,0.397331553558746,51696458.15785046,0.15167897969425892,42771.165222970805,62194.0
198,1330.5567484662577,407.26901840490797,1330.5567484662577,407.26901840490797,0.0,3260.0,0.7753213424314302,64.42639921520238,496.6199458625209,65.74796637859114,506.8070216750854,0.020512820512183685,0.7907632014793005,9520.641825269144,0.7711159142246921,0.34595769256786557,0.35364777848945333,86026065.80582696,0.18276722231123035,45211.503067484664,62451.0
200,1476.2034847542004,723.4841319228376,1476.2034847542004,723.4841319228376,0.0,3214.0,0.706849578947083,63.970242275442516,493.10373763906176,65.2824523734003,503.21868610345274,0.020512820512179075,0.9594051258837013,21412.724279308863,0.8985128147092529,0.5880303637098164,0.4166969798719691,53392906.62868062,0.1399825408639275,45572.40105787181,62451.0
201,596.8132823365786,774.1333035700306,596.8132823365786,771.971140472879,2.1621630971516197,2876.0,0.5470271450828449,60.513113708173435,466.45504979012446,65.47829226884406,504.72828464469865,0.0820512820485699,0.9284220583081819,15749.380560703574,0.8441550290791775,0.47192918338266715,0.3672668469871437,64453830.27393082,0.1722815871357442,44039.041029207234,62451.0
202,968.1754716981133,963.5634209587869,968.1754716981133,961.4012578616353,2.1621630971516197,3180.0,0.604042537277777,63.630981072570435,490.4886003311268,66.24148286016306,510.6112095754807,0.04102564102435141,0.9652979032649474,23356.95799575242,0.9132447581623682,0.6030477157770547,0.3957535787483897,65536220.093924016,0.15268249074653986,46497.846226415095,62451.0
203,922.1244925575102,150.75338294993233,922.1244925575102,150.75338294993233,0.0,2956.0,0.7694205153794181,61.34896978953388,472.89810429775764,62.60741019547303,482.59857823207057,0.020512820512151638,0.8983552653162195,9783.017261607078,0.8928548376820029,0.295009474421844,0.3246258909343521,80115469.17558889,0.20804690196513817,42836.318335588636,62194.0
205,1240.6775067750677,675.1260162601626,1240.6775067750677,675.1260162601626,0.0,2952.0,0.5829947090071217,61.30744763940349,472.5780378622431,61.30744763940349,472.5780378622431,0.0,0.8720912306864792,8280.849115524585,0.876979769259604,0.2537396651591771,0.4287038076810915,34372953.89725583,0.13326128251790334,42250.73035230352,62194.0
208,1212.8622448979593,65.38945578231292,1212.8622448979593,65.38945578231292,0.0,2940.0,0.6581044316270771,61.18271211315643,471.616535263207,62.437742105221176,481.2907206019395,0.020512820512149997,0.8461980697371383,10887.76691080395,0.8342822865560314,0.3864628695193742,0.30800635491671935,97804107.40528858,0.2246686258374072,42025.96870748299,62451.0
209,1087.535657073055,469.60907574775405,1085.3734939759036,467.4469126506024,3.057760376054356,2656.0,0.7399660996911389,58.152594360153806,448.25938768420434,62.924089282012574,485.03964513521595,0.08205128204846002,0.9426301036873104,11205.326598984402,0.8790271690011521,0.3153659367884514,0.33319357823895834,84844878.23408693,0.20012583234207001,43666.97063253012,62451.0
210,80.77694406548432,732.1517735334243,80.77694406548432,732.1517735334243,0.0,2932.0,0.6987880243063247,61.09941362372881,470.9744430181974,61.09941362372881,470.9744430181974,0.0,0.8692542188935084,9708.151391912621,0.8574048081274988,0.31010681992723693,0.4236074177272718,39725848.08897726,0.13606763199879163,43169.95190995907,62194.0
211,354.97818902842033,45.597818902842036,354.97818902842033,45.597818902842036,0.0,3026.0,0.76942454120059,62.07111133505346,478.46460963733256,63.3443649009007,488.27926829655985,0.020512820512159424,0.955461977851062,17130.02241754263,0.8886549446276548,0.4962741287025071,0.3627478918661043,74974027.28078242,0.17567355246522423,44032.01553205552,62451.0
212,47.89934148635936,90.19598620257133,47.89934148635936,90.19598620257133,0.0,3189.0,0.6674251055241882,63.72096129344279,491.18219756708385,66.33515457727634,511.3332620826565,0.04102564102435336,0.8006874923852774,12178.469929044486,0.7684051454079474,0.41206504665188154,0.40671158984238953,49015079.8397349,0.14587447837115336,43059.467544684856,62451.0
213,1490.22376378513,609.0327285663465,1490.22376378513,609.0327285663465,0.0,2811.0,0.7268543215581548,59.82538224073911,461.15378868775645,62.27975689676943,480.07291848007463,0.041025641024269435,0.9057409390453324,9870.718468428102,0.8819373561041188,0.29772371036159134,0.3213978464906753,68805760.72207947,0.21114085265938856,40407.05585200996,61166.0
214,779.605852601156,617.918352601156,779.605852601156,617.918352601156,0.0,2768.0,0.7674450572433624,59.36604298609543,457.61305013100895,60.583807970425596,466.9999844926707,0.020512820512129517,0.9329022135556282,12171.961880359617,0.8896969469514898,0.36104882812767064,0.38085771114357675,51576568.88969752,0.16256524963020044,41942.158598265894,61937.0
215,1048.7589225589224,697.5417508417509,1048.7589225589224,697.5417508417509,0.0,2970.0,0.6022691784501917,61.49407652663331,474.0166349125433,61.49407652663329,474.01663491254317,2.310930664774687e-16,0.8788495177070061,8605.566894420468,0.8823605455234824,0.24660150573900463,0.30974211115303496,86712149.26977693,0.22284922327075113,42514.5494949495,62194.0
216,1088.896978021978,751.4927884615385,1088.896978021978,751.4927884615385,0.0,2912.0,0.7620254465720219,60.890668860415666,469.36536949680783,62.13970822165496,478.99337707622954,0.020512820512146788,0.9503100332311918,13131.73246418601,0.8793076721922114,0.3915000438467277,0.3487394874412607,68312729.06175506,0.1867469948233015,42757.22767857143,61937.0
217,795.7640725930482,756.1750230698246,795.7640725930482,756.1750230698246,0.0,3251.0,0.7425935113995008,64.33740560462485,495.9339537442978,65.65714725805304,506.10695792366795,0.020512820512182752,0.9477493024493333,18211.699130116816,0.8773105611661536,0.534965428484321,0.3901575178957408,68305142.64204802,0.15630673615963062,45993.03937250077,62451.0
219,715.8124352331606,62.64352331606218,715.8124352331606,62.64352331606218,0.0,2895.0,0.787785633610722,60.712671511046985,467.99330718874876,61.95805964460692,477.59316990031283,0.020512820512144724,0.9477727247182053,12954.547151246377,0.8993515657135758,0.3890919756789423,0.38255497706926517,52487774.45106162,0.16140033719099686,42441.57478411053,62451.0
220,1408.6648332760399,309.30972842901343,1408.6648332760399,309.30972842901343,0.0,2909.0,0.7143928159750873,60.85929539219616,469.12353245052736,63.35608699802984,488.3696260895233,0.041025641024292646,0.8900482553463294,12337.227774031422,0.8505599467400436,0.39851301345086915,0.3157034653903571,87210831.88897356,0.21675293736910123,41538.05568924029,62451.0
221,418.87676553672316,318.0,418.87676553672316,318.0,0.0,2832.0,0.5193756807939083,60.04843370721655,462.8731429983485,62.511959192640816,481.86281040340896,0.041025641024274515,0.8859990410773178,12333.068305046692,0.860661689438634,0.39248507866391324,0.37394424701711254,61860807.74900876,0.16741954394988665,42787.77754237288,62451.0
222,1448.5796098174953,362.1991818753933,1448.5796098174953,362.1991818753933,0.0,3178.0,0.5997927374670132,63.61096818291911,490.3343343734408,64.91580855590206,500.3924745657165,0.020512820512175498,0.9503345503105833,16336.278522088793,0.875836375776458,0.4876383139765067,0.3749363118984355,74190172.75350101,0.16671196367634958,44802.58842039018,62451.0
223,740.4724965542788,566.7813673062933,742.6346596514304,564.6192042091417,3.0577603760544365,3041.0,0.5873264521478769,62.22476561257286,479.6490275143637,60.94836016410983,469.81007310381267,0.020512820512161162,0.9564219264359688,11269.109973376628,0.9023040920832732,0.3364007751300438,0.3538176126072743,61161269.806413725,0.18263149271485432,41537.48766853009,61423.0
224,629.1854460093897,717.9473743647573,629.1854460093897,715.7852112676056,2.1621630971516197,2556.0,0.5985169887902118,57.04735117727269,439.7398085003063,61.728159478997625,475.8210235567417,0.08205128204840542,0.9239845249131196,10908.249318036193,0.9113645228642142,0.32382953543142906,0.36202313646186346,54159973.5258778,0.1762254395598119,42165.998043818465,61166.0
225,442.84891867194636,766.1614377094121,442.84891867194636,766.1614377094121,0.0,3283.0,0.6457264598421126,64.65327080175867,498.3687469193203,65.97949174128192,508.59169557407563,0.020512820512185944,0.9316491097259081,14997.622390902046,0.8559123491052546,0.4514948420057385,0.3815045200081646,69865563.15456578,0.162120092306796,44914.0965580262,62451.0
226,1066.268368635267,810.1437392795883,1068.4305317324186,810.1437392795883,2.162163097151506,2915.0,0.5739629557403744,60.92202617200941,469.60708200248524,59.672343583865626,459.97411621781885,0.020512820512147124,0.9596986073052056,10809.951185286563,0.8992465182630142,0.3235503008893265,0.3399111367149674,79445048.08849543,0.19419453850920756,42769.472727272725,62194.0
228,920.3190893169877,433.42136602451836,920.3190893169877,433.42136602451836,0.0,2855.0,0.7751494030826716,60.29178136544723,464.74894705271777,62.765290344542485,483.8155705215471,0.04102564102427989,0.9376497570607609,15034.712070182994,0.8441243926519024,0.42377167440772173,0.41843489206414025,38456820.6826389,0.13898580614704423,43570.36672504378,62194.0
229,753.6289965178854,677.6327951883508,753.6289965178854,677.6327951883508,0.0,3159.0,0.8117762274146093,63.420530759513355,488.86637986947954,64.72146472381107,498.8944081744945,0.020512820512173673,0.956265499583411,17772.48524527659,0.8906637489585273,0.5057892967488758,0.4255103417170812,41912756.36661784,0.13501191439076538,43157.20702754036,62194.0
230,1262.0156823490156,788.38004671338,1262.0156823490156,788.38004671338,0.0,2997.0,0.7121495222780057,61.77296265819928,476.16638124707725,64.3072380493049,495.70141227259836,0.04102564102431283,0.947316853498001,17368.318728048253,0.8682921337450021,0.49993011833091255,0.3614988359356885,63545653.18614772,0.17662606365291375,42086.94427761094,61937.0
232,50.19181757209926,271.81656606304495,50.19181757209926,271.81656606304495,0.0,2982.0,0.7301034346222242,61.61818175181945,474.97327894300236,62.88214445442087,484.71632056234597,0.020512820512154605,0.9321804402038427,13344.286529397048,0.8874329397739243,0.4003422201442904,0.3955957891928116,50267612.109228,0.15278327710222533,42972.69248826291,62451.0
235,1299.5424005218526,874.5557729941291,1299.5424005218526,874.5557729941291,0.0,3066.0,0.5245906430122682,62.48001635849665,481.61658449669045,65.0432990808965,501.3752136042469,0.04102564102432766,0.8612887528061437,12347.944955421435,0.8859491230124439,0.38870991499834706,0.3443410969863514,80984793.5941835,0.1904097154687397,43600.561317677755,62451.0
236,1334.4157824933686,947.8965795427749,1334.4157824933686,945.7344164456233,2.1621630971516197,3016.0,0.5591458101447475,61.968463486851526,477.6733661496022,65.7819073937347,507.0686502203469,0.06153846153647544,0.9646869265064479,20073.2313488121,0.9117173162661198,0.5336939784638606,0.43421523371113574,48458745.75999527,0.13030053355181362,47134.02155172414,62451.0
237,455.6350197109067,955.8833771353483,455.6350197109067,955.8833771353483,0.0,3044.0,0.7041641036149285,62.255450959525106,479.8855602948361,63.53248585100254,489.7293666598584,0.020512820512161467,0.942030890586159,14401.628939408687,0.8783471720791491,0.43488767762100516,0.3512742829456231,77854548.74313127,0.18467782828121207,43525.36465177398,62451.0
239,958.4832260250762,484.8763131141986,958.4832260250762,484.8763131141986,0.0,2951.0,0.8227041039752754,61.29706270706179,472.4979873767256,62.554438352334856,482.1902537844533,0.02051282051215126,0.9310608179220825,14281.948306429445,0.8276520448052063,0.42370835167292303,0.3877593447904811,52289461.19930318,0.157891915033107,43585.05760759065,62451.0
240,985.8042744656918,706.6083573228734,985.8042744656918,704.4461942257218,2.1621630971516197,2667.0,0.6926657144209425,58.27289134587951,449.18667654818336,60.66357406776173,467.6148478937497,0.04102564102423272,0.9360022006071786,8244.164430005916,0.9265984714874443,0.255586978792354,0.30641675955122716,93606905.1754744,0.2263529062393921,41975.510311211096,61937.0
242,1438.7194740137759,972.8046336881653,1438.7194740137759,972.8046336881653,0.0,3194.0,0.5873035811219025,63.7708954452116,491.5671064871879,65.07901637742108,501.6505343125662,0.020512820512177416,0.870297696276916,15283.890283010978,0.8127148903123027,0.47512724358001546,0.38731397441509385,67569836.96413483,0.15818846363861783,44414.08985597996,62451.0
243,1494.8450217493541,154.81645983017634,1497.0071848465057,154.81645983017634,2.162163097151506,3062.0,0.4186177441160809,62.43924635979416,481.3023158925921,62.43924635979416,481.3023158925921,0.0,0.9314167561477835,12210.756559841748,0.8626218819427673,0.3755004278336616,0.34979846798524805,67528127.13582213,0.18587889642849226,42692.215545395164,62451.0
244,1252.7297016500866,506.18078339471043,1254.891864747238,506.18078339471043,2.162163097151506,2987.0,0.5567004996495314,61.669818551086486,475.37131243189646,61.66981855108648,475.3713124318964,1.152172573928448e-16,0.9084473059698055,10582.113441873851,0.8689685560490243,0.32438793673883015,0.3725780401324386,56882958.0683243,0.16840014501244746,42018.25242718447,61937.0
245,1111.4490027484972,692.0091954022988,1113.6111658456487,692.0091954022988,2.162163097151506,3045.0,0.6941021610046793,62.265676048032844,479.964378651333,62.265676048032844,479.964378651333,0.0,0.9172563041850956,10687.647502877773,0.8653521426422921,0.34369018408654445,0.37498369545993043,58411107.00980982,0.16667826151040127,42611.02200328407,62451.0
248,354.4009033612898,970.4266847273959,352.2387402641382,970.4266847273959,2.1621630971516197,2953.0,0.5688262507370853,61.3178308129286,472.65807479022186,62.575632470629685,482.3536250423289,0.020512820512151246,0.7972066513380136,6057.326455327026,0.8875032788768753,0.19423165761288502,0.34285050486919183,86952870.68243384,0.19167231367546947,44880.137148662376,62451.0
249,702.0790745856353,233.08736187845304,702.0790745856353,233.08736187845304,0.0,2896.0,0.7293246882102868,60.72315638661277,468.0741280696188,63.2143628024738,487.2771692211928,0.04102564102428966,0.8516631124370673,9288.199306322824,0.8300305014427719,0.2791155825669294,0.3412271804840009,58698201.676939145,0.1930598900654946,41973.53107734807,62451.0
253,85.83620689655173,215.92896551724138,85.83620689655173,215.92896551724138,0.0,2900.0,0.7265166417345921,60.76507779746498,468.3972721385332,62.01154093177195,478.0054213106056,0.0205128205121452,0.9593338243587204,14507.557816765035,0.8983345608968011,0.4253323999507207,0.3659547083084864,63511038.99187179,0.17325785877224914,43150.3,62451.0
254,1214.8348266458902,453.98218647073946,1214.8348266458902,451.82002337358784,2.1621630971516197,2567.0,0.5973642983633496,57.16997386159244,440.6850246165288,61.86084351177438,476.8437958671157,0.08205128204841151,0.9460962237257433,12838.46213226195,0.8867731603464731,0.3647021924391244,0.4306871505621744,35122601.17020154,0.13218709884766788,44180.873003506036,62194.0
255,1292.0843288826422,556.5611384399157,1292.0843288826422,556.5611384399157,0.0,2846.0,0.6152091521877059,60.196675525449685,464.0158398530895,60.19667552544968,464.01583985308946,1.1803687322169355e-16,0.9175759738240141,9344.032303368274,0.9154303349477574,0.28193852055853613,0.346172659113385,73741240.66036755,0.188873189049994,42874.21011946592,61937.0
256,1201.8713195201744,625.5372994112192,1201.8713195201744,623.3751363140676,2.1621630971516197,2751.0,0.5508193583518267,59.18346042237166,456.2056434775801,61.61149982431512,474.9217724407629,0.04102564102425473,0.89120948304711,10732.157276606187,0.8486864779581269,0.3351475296737264,0.3728570119282821,58261717.19745997,0.1681993278947231,43226.540530716105,62451.0
258,1152.0892919427974,743.0048831531217,1152.0892919427974,743.0048831531217,0.0,2867.0,0.7844370973742443,60.418356273203194,465.72462821142034,61.65770717111506,475.27795391832126,0.020512820512141514,0.8887568371671841,11284.789983306577,0.8597317945916799,0.35428109295049454,0.4248815929105731,39367840.15795199,0.13535969001379516,42654.73910010464,62194.0
262,565.9122681883024,893.0074893009986,565.9122681883024,893.0074893009986,0.0,2804.0,0.7405064791251406,59.75084671732608,460.5792442765661,60.97650511152764,470.02702364634183,0.020512820512134003,0.8904904744189592,9679.239633321913,0.8639638965679457,0.2935094577914053,0.31629036254195425,84607675.20110266,0.2161651818801008,42062.57774607703,61680.0
264,1196.3539288112827,795.8670248488919,1196.3539288112827,795.8670248488919,0.0,2978.0,0.6990109093445851,61.576841135457045,474.65461182967755,64.10307051537322,494.1276215457668,0.04102564102430832,0.915850457877009,12214.369473253239,0.8598358211958195,0.3776870024948873,0.38681058667180807,47187388.93666212,0.15852446506291112,41986.360980523845,62194.0
265,306.3824807756603,797.4376462721498,306.3824807756603,797.4376462721498,0.0,2991.0,0.7041493505256239,61.71109688137841,475.6894994236356,64.2428341893324,495.20496606665654,0.04102564102431147,0.8650587190860743,11909.753047709493,0.7890580148452478,0.36602590811418334,0.4070768491216751,42988463.23245604,0.14565386171128109,42926.30357739887,61680.0
266,1236.976335361731,847.8728870858688,1236.976335361731,847.8728870858688,0.0,2958.0,0.74886113009754,61.369720329545345,473.0580563078442,63.88745244562925,492.4655663102173,0.04102564102430393,0.8623335939272538,11760.70410465095,0.8070838616500112,0.39691233375382734,0.38663655106104683,42318735.87647369,0.15864083394487655,40346.30662609872,61423.0
267,1115.0186580552565,981.7566907439982,1115.0186580552565,977.432364549695,4.324326194303239,2787.0,0.5305137716146838,59.56944360304953,459.18092920869475,64.45719282176128,496.8573131437671,0.0820512820485272,0.8441082792459085,9895.671473974196,0.8154420721382434,0.2866744956551548,0.3209318466041652,95622944.74718936,0.21159263581385618,44322.77143882311,62451.0
268,482.07168602322787,31.550228775966186,482.07168602322787,29.388065678814577,2.162163097151609,2497.0,0.6331616526697882,56.38509681825244,434.6349333570398,59.8549489301449,461.3816984867038,0.06153846153627874,0.8662593140493653,9396.208608626284,0.856666928911367,0.29636650738462716,0.4242771198761005,37670751.621276446,0.13569500997179038,42785.611133360035,61423.0
272,1465.2560439560439,823.7552033901919,1465.2560439560439,821.5930402930403,2.1621630971516197,2730.0,0.5546817436290308,58.9571366089551,454.46106483690687,63.79464525379244,491.7501778491658,0.08205128204849851,0.9228357914582319,12382.07100836274,0.8781356996558576,0.3700504236198302,0.33160076342786876,75860400.39978686,0.20156746011760143,42521.26190476191,62194.0
273,248.53047989623866,136.01523994811933,248.53047989623866,136.01523994811933,0.0,3084.0,0.5419161069107568,62.66315309624343,483.028262906366,62.66315309624343,483.028262906366,0.0,0.8727637566160908,9579.430420207915,0.8884610568088335,0.31034454396516076,0.3038860531567391,112358746.02795643,0.2290707123976557,41923.833333333336,62451.0
274,368.520964360587,157.06394129979034,368.520964360587,157.06394129979034,0.0,2862.0,0.7299758476104422,60.36564898211594,465.3183430183137,61.603918704826015,474.8633346699715,0.020512820512140918,0.9077347920318644,10883.71532485057,0.8897614971019583,0.3403657043091676,0.37797240664063403,53656687.904600605,0.16456957768104302,41888.57547169811,62194.0
275,472.5698004882931,200.2830899617425,468.24547429398984,198.12092686459087,4.834743663672504,2762.0,0.5205873810552476,59.30166627134957,457.11681316943196,58.085221835014195,447.7400580274949,0.020512820512128643,0.856289020157672,6198.223607221828,0.8609610726962909,0.21719546117869132,0.35152492591893386,68798669.197591,0.18447484837266215,41596.59449674149,62194.0
276,1209.968,909.0327272727272,1209.968,909.0327272727272,0.0,2750.0,0.7483283220827237,59.172702727031975,456.12271961186235,61.60030078762815,474.8354465702977,0.04102564102425424,0.9078382263995315,12201.51121781829,0.8637171885438082,0.38311694335923796,0.3953474064740627,40121762.51738818,0.1529420918474158,40710.20181818182,60909.0
278,1458.5422582826234,207.75152129817445,1458.5422582826234,207.75152129817445,0.0,2958.0,0.6748482933845719,61.369720329545345,473.0580563078442,63.88745244562925,492.4655663102173,0.04102564102430393,0.8136782815948307,10513.227600608874,0.7590236578545598,0.34522433698664856,0.4189052975485066,39551838.55734419,0.1387174394432685,42931.511156186614,62451.0
279,843.6591960156528,330.8858057630736,843.6591960156528,330.8858057630736,0.0,2811.0,0.6727906417395776,59.82538224073911,461.15378868775645,61.052569568754265,470.6133535839155,0.02051282051213466,0.936546170683501,11986.34467165508,0.8986597128061072,0.36917639772228256,0.3624108426073994,60395121.33646256,0.17592993432685528,42077.967271433656,62194.0
282,1131.874359849778,802.8863093205872,1131.874359849778,802.8863093205872,0.0,2929.0,0.7029190515117778,61.068147397225765,470.7334326264572,62.32082734383552,480.3895030393076,0.020512820512148606,0.9529817375891922,12330.890029739332,0.8824543439729805,0.3675602440542302,0.32835986511442516,77999697.51370789,0.20454391849976097,42340.0699897576,62451.0
283,975.8458015267175,880.2496183206107,975.8458015267175,880.2496183206107,0.0,2620.0,0.7344726099284794,57.75714334353913,445.2111207493029,61.31142908775691,472.6087281800292,0.06153846153633049,0.8450550408936777,9883.968044183986,0.844043358819117,0.350657061074831,0.32580565573289666,57783129.68453574,0.20693144284144172,37394.48091603054,58853.0
284,511.4871132407817,927.7260181756984,513.6492763379333,927.7260181756984,2.1621630971516197,2971.0,0.671097295172239,61.50442819349001,474.0964289767248,60.24279889721329,464.37137402335605,0.020512820512153446,0.8522148056842791,7944.141204035655,0.8487091891098254,0.2610395500009667,0.33765349089672486,81865760.89707437,0.19616160559875903,42752.828004039045,62451.0
286,948.4150501672241,92.5675585284281,948.4150501672241,92.5675585284281,0.0,2990.0,0.6091885261161374,61.70077988776266,475.6099726322375,62.966436911101376,485.36607463495,0.02051282051215556,0.8900345760201802,10296.770725218743,0.8553862204747457,0.3191614311989047,0.39951196656246457,46357501.51185408,0.1503053935040636,42755.60301003345,62194.0
287,1267.9886614173229,100.57259842519684,1267.9886614173229,100.57259842519684,0.0,3175.0,0.5656145546783785,63.58093703724523,490.10284439230844,66.18938573620915,510.209627751993,0.04102564102435071,0.7776735980470617,11130.676225430825,0.7428139912391724,0.39099836894084383,0.49233810387040833,27221217.852381315,0.10311245303557022,44777.33259842519,62451.0
288,792.892558983666,448.21705989110706,792.892558983666,448.21705989110706,0.0,2755.0,0.6499540698019731,59.226471663820845,456.5371883203801,61.65627562951606,475.2669191232675,0.04102564102425564,0.9448996800609533,13790.582415291681,0.862249200152383,0.4007765607950973,0.417692658043332,36685668.95859562,0.13941048058744157,42035.49836660617,62451.0
290,349.3101761252446,517.8111545988259,349.3101761252446,517.8111545988259,0.0,3066.0,0.7233245655219054,62.48001635849665,481.61658449669045,65.0432990808965,501.3752136042469,0.04102564102432766,0.9378144702339346,15741.246989340518,0.8445361755848364,0.4660077940070744,0.40684436340494073,45136851.05889407,0.1457942372928193,42415.98075668624,62451.0
291,1373.2764333940765,890.0679802716669,1375.438596491228,887.9058171745153,3.057760376054356,3249.0,0.5927393984685677,64.31761252444421,495.781382150549,64.31761252444421,495.781382150549,0.0,0.8498332168820637,11278.035836713914,0.8661071840399845,0.38215187543261664,0.3719662291674017,65519543.59287067,0.16884161022853358,43214.04770698676,62451.0
293,1311.925662017238,165.6020479063669,1309.7634989200865,163.43988480921527,3.057760376054356,2778.0,0.5902114367338557,59.47318265633917,458.43891806533884,64.35303354096186,496.0544190348025,0.0820512820485226,0.8467610541210195,10676.189747846063,0.8499162200952624,0.3477134520659758,0.400995921174318,41156143.132917464,0.14937909519665346,40087.2818574514,60652.0
294,845.923182441701,47.77229080932785,845.923182441701,47.77229080932785,0.0,2916.0,0.7305250094131277,60.93247502315768,469.687625195257,62.18237194670963,479.3222431479802,0.020512820512147194,0.9269560170590974,11345.422570462859,0.8949693474098339,0.3603394187450478,0.36258206716416175,54701434.345190786,0.17579963008684665,41940.795953360765,62194.0
295,867.7178871305102,269.595526914329,865.5557240333586,269.595526914329,2.1621630971516197,2638.0,0.5896489521538953,57.9552061424283,446.7378541638643,61.52168036657774,474.22941442010216,0.06153846153633795,0.822934487831412,6645.28642874422,0.8895738705361388,0.2070482115095165,0.42576860558033625,36186983.74719638,0.1348693602331172,43813.33661865049,61680.0
296,378.29132513661204,686.275209545239,378.29132513661204,684.1130464480874,2.1621630971516197,2928.0,0.5709199950885636,61.05772176379132,470.6530684034855,64.81512002617848,499.61633415139227,0.06153846153644575,0.9489646771679676,18712.68401034576,0.8724116929199188,0.5117317288525973,0.4983315600871622,26840597.63121654,0.10066961037448484,45412.81284153005,62194.0
300,628.3268756604439,985.7516731243395,628.3268756604439,985.7516731243395,0.0,2839.0,0.6458093651470159,60.12260030556835,463.4448436134216,61.35588441440052,472.95140450805593,0.020512820512138173,0.8503768034643981,8902.478650740268,0.8406692468647637,0.2756106327351174,0.37707047548159306,53011076.47748807,0.16520241308280728,42377.299401197604,62451.0
304,1196.77300405954,132.37855209742895,1196.77300405954,132.37855209742895,0.0,2956.0,0.6690849590823517,61.34896978953388,472.89810429775764,63.86585060141219,492.2990521663836,0.041025641024303505,0.7740795277897471,8694.13947488276,0.7841949008783122,0.30807442478233293,0.3337097436178572,78979004.5493184,0.19966161286112616,43567.7598105548,62451.0
306,586.9122673941896,357.938427153836,584.750104297038,353.6141009595328,4.834743663672504,2397.0,0.5872422586972933,55.244503697021166,425.8428651828591,62.04382722896222,478.25429474382634,0.12307692307246716,0.9422498486055728,10946.534650347976,0.8979003376646225,0.3015956274964944,0.3355800491173551,80172711.02833804,0.19799149342465583,43516.62953692115,62451.0
308,1227.4208347706106,565.4408416695412,1227.4208347706106,565.4408416695412,0.0,2899.0,0.7377990660136483,60.75460015659091,468.31650702505436,62.00084836493124,477.92299947685035,0.020512820512145237,0.9510983986105357,12959.642071074983,0.877745996526339,0.38056621546451014,0.39621596347832927,50592686.510902986,0.15238760983306374,43313.67540531218,62194.0
309,443.6484348125215,570.3437936441072,443.6484348125215,568.1816305469556,2.1621630971516197,2907.0,0.5579985970460682,60.8383707584705,468.96223846864086,65.83023707711422,507.4411913686318,0.08205128204858453,0.9346578304760411,15942.61218423797,0.8366445761901026,0.46859371589630344,0.357924434132181,72691290.74759346,0.17938858167774638,44096.85036119711,62451.0
310,842.509755232352,610.4423554451934,842.509755232352,610.4423554451934,0.0,2819.0,0.6684417072477022,59.910452148255594,461.80953560796297,62.36831685177377,480.75556783803324,0.04102564102427142,0.9296265350176249,12706.342615656515,0.8596595738526746,0.3774994472212288,0.39025626237576405,45426254.57792404,0.15624188422046,42062.48527846754,61423.0
311,587.3521172638436,650.6221498371335,587.3521172638436,650.6221498371335,0.0,3070.0,0.8245185563942081,62.520759770950875,481.9306481652137,63.803236894457555,491.81640505065394,0.020512820512164257,0.9644268827657441,17412.9888857275,0.91106720691436,0.498061548835154,0.4046994560015997,45837489.13460785,0.1470969469244968,42420.48697068404,62451.0
312,1281.2170357751277,727.7274275979557,1281.2170357751277,727.7274275979557,0.0,2935.0,0.6370096077128495,61.130663858637284,471.2153301414495,63.63858852976085,490.5472411216114,0.04102564102429859,0.9469818343391827,16361.320066321518,0.8674545858479564,0.4623884994479163,0.41580110053302843,40804854.90063445,0.14049960394959723,42473.737649063034,62451.0
313,1439.9494704992435,883.7906202723146,1439.9494704992435,883.7906202723146,0.0,3305.0,0.7013222173108579,64.86953595756418,500.03579010777065,66.20019310541166,510.2929345202378,0.020512820512188154,0.9371750947943547,14886.211196392489,0.862495291774927,0.44488232253409116,0.40375532265190256,58359625.80101697,0.14767475346997452,44886.04145234493,62451.0
314,1439.6991208075544,38.816672093780525,1439.6991208075544,38.816672093780525,0.0,3071.0,0.7266633636301597,62.530941476053954,482.0091321081109,65.09631343404591,501.7838657330591,0.041025641024328846,0.8800448924563475,14753.745270934985,0.8359631669326248,0.4836816737581317,0.37510200658957044,58350462.35780358,0.1665941483736666,42852.1348095083,62451.0
315,444.26466575716233,260.75083976836584,444.26466575716233,258.5886766712142,2.1621630971516197,2932.0,0.5876982017924596,61.09941362372881,470.9744430181974,61.09941362372881,470.9744430181974,0.0,0.908404379678398,9661.100876163036,0.8932198973014512,0.3073346096772212,0.3182264673590876,77033772.9281699,0.21424161802091632,41013.76398362892,62451.0
316,353.240830449827,335.26159169550175,353.240830449827,335.26159169550175,0.0,2890.0,0.6306814365022335,60.66021994919422,467.58899324097223,63.14884435736629,486.77213142521725,0.041025641024288406,0.9269063647064786,13222.96674655285,0.890028124802311,0.41460518175534067,0.3865785836465147,46160621.683582544,0.15867961710843104,40617.82733564014,61680.0
319,854.6328388401888,720.5846257585974,854.6328388401888,720.5846257585974,0.0,2966.0,0.7156797010310653,61.452652421880806,473.6973242431564,63.97378688021438,493.13106062236284,0.04102564102430581,0.938289169755304,14597.695523361735,0.8457229243882596,0.43468482176407075,0.40224314554467516,45065857.730845645,0.1486058522255005,43377.458192852326,62194.0
320,397.99035989717225,926.4071336760926,397.99035989717225,926.4071336760926,0.0,3112.0,0.7722238571303192,62.946973423793985,485.21604365183384,64.23819339146155,495.16919326520474,0.02051282051216871,0.9289317721537422,14603.851322933306,0.8533760991007743,0.45708379037147623,0.32629205298920316,112598149.19046511,0.20647390607245023,44820.56876606684,62451.0
321,599.522493800921,469.05773999291534,599.522493800921,469.05773999291534,0.0,2823.0,0.6871838121691997,59.95294183597135,462.137060142473,61.1827457710682,471.6167947094981,0.02051282051213619,0.944577398558305,12827.702069221792,0.8978131816486706,0.3845156935083661,0.3827380966024387,53635705.99643317,0.16127527123037597,42484.8402408785,62451.0
323,1137.6076324564654,633.5626818077852,1137.6076324564654,631.4005187106336,2.1621630971516197,2699.0,0.5698438614074302,58.62144258921136,451.8734245536956,62.22891597931668,479.6810199108461,0.061538461536362096,0.8688461453910474,10229.531171787241,0.8275015576397968,0.31424311958574336,0.31830728876655423,89677047.53823057,0.21416182892795696,43726.5646535754,62451.0
324,909.9297297297297,40.49261261261261,909.9297297297297,40.49261261261261,0.0,2775.0,0.638916368149852,59.44106103225342,458.19131398675,61.87966866434587,476.98890635543717,0.04102564102426066,0.9100288965882479,11752.399666096888,0.8578442387716148,0.3680426109908573,0.38808961339496567,43379827.303062364,0.15767244612709652,41506.37981981982,62194.0
325,156.23104932141675,42.26315789473684,156.23104932141675,42.26315789473684,0.0,3021.0,0.5630636711970564,62.01980864727758,478.0691515900691,63.292009850298655,487.87569828935256,0.020512820512158983,0.8242498681522441,9445.30157484275,0.82287410585023,0.32577259905270445,0.3580958756938749,75543785.52813807,0.1792548219278764,43382.212512413105,62451.0
326,245.4955387783116,284.2584076870281,245.4955387783116,284.2584076870281,0.0,2914.0,0.7010226095434052,60.9115755284516,469.52652499322926,63.41051196038807,488.78915165961814,0.04102564102429389,0.9334412711064315,14268.254426136582,0.8514604953004064,0.4260871732710822,0.41585921409513177,38635713.75549798,0.14046599572788124,42461.09196980096,61937.0
327,522.8480278422273,364.14012133381055,522.8480278422273,361.97795823665894,2.1621630971516197,2586.0,0.6368355291054307,57.381159474910675,442.31291301523817,62.08935717541617,478.6052545959757,0.08205128204842223,0.9486198848442804,11403.45399476649,0.8831924954833289,0.32363938481880766,0.39053105791559395,52208136.56784123,0.15606158069408438,42398.14269141531,62451.0
329,345.4795609386828,629.5145476543053,345.4795609386828,627.3523845571536,2.1621630971516197,2642.0,0.5931459068584667,57.99912824508917,447.07642022546815,62.75803107545545,483.7596136798654,0.0820512820484525,0.9400976202628153,14614.033583338018,0.8502440506570379,0.411464626924569,0.43038408133940786,34952002.77521479,0.1323506010928373,43793.79220287661,62451.0
331,173.18231292517007,903.8357142857143,173.18231292517007,903.8357142857143,0.0,2940.0,0.5748127133992608,61.18271211315643,471.616535263207,63.69277209728591,490.9649059406718,0.041025641024299765,0.9605835819403346,17767.209946752115,0.901458954850836,0.49351392297099694,0.4670463503383194,26750197.47137917,0.11411151147538551,42736.30272108843,61423.0
333,1048.9217391304348,992.366220735786,1048.9217391304348,992.366220735786,0.0,2990.0,0.7186737618216871,61.70077988776266,475.6099726322375,62.966436911101376,485.36607463495,0.02051282051215556,0.853753245045324,11465.42225816938,0.8671414554838096,0.37793127366806617,0.30785921669253885,118025121.12664962,0.2248237979500568,43751.628428093645,62451.0
334,458.27937062937065,90.6034965034965,458.27937062937065,90.6034965034965,0.0,2860.0,0.7728046163348781,60.34455317543221,465.1557295787793,61.582390163646195,474.6973855701388,0.020512820512140508,0.935660462698306,12688.999092082915,0.8784093036054965,0.3918255964434203,0.41920546579396284,39134154.48515819,0.1385465080008032,42445.43706293706,62451.0
337,343.73801369863014,216.7109589041096,343.73801369863014,216.7109589041096,0.0,2920.0,0.5887109154942959,60.97425252208243,470.0096599435436,63.475760317860164,489.292107530971,0.04102564102429524,0.9453380577932506,15016.51257154931,0.8633451444831266,0.45188094702082215,0.38130205208425666,55785228.54706293,0.16225927569333645,42764.35993150685,62451.0
338,574.1061036195883,247.15649396735273,574.1061036195883,247.15649396735273,0.0,2818.0,0.7752626331907235,59.89982501697053,461.7276181730644,62.35725373561547,480.6702896878568,0.041025641024271156,0.9398927849711614,14459.784177359097,0.8497319624279034,0.43254502716347626,0.41903844867706913,36662369.87435604,0.13864158603036625,41731.58339247693,61937.0
340,78.05452082627836,331.51134439553,78.05452082627836,331.51134439553,0.0,2953.0,0.8035685582219215,61.3178308129286,472.65807479022186,62.575632470629685,482.3536250423289,0.020512820512151246,0.9614085857721302,15246.542334008036,0.9035214644303253,0.45210114295747345,0.43794684197727485,34993884.817149445,0.12833821463014228,43103.503894344736,62194.0
345,314.9008176324209,572.9829363668681,314.9008176324209,572.9829363668681,0.0,2813.0,0.5920438637157891,59.84666105423103,461.3178128041606,62.30190868722511,480.2436717909979,0.04102564102426978,0.9461559402205479,14291.973667002656,0.8726933305447848,0.41975875554536546,0.4044205117065357,41788598.416914776,0.1472673791396717,42481.652328474935,61937.0
346,530.2044005102041,771.8501275510204,530.2044005102041,771.8501275510204,0.0,3136.0,0.6038800415193012,63.189233357348705,487.0834631654517,64.48542275955073,497.0749188201276,0.02051282051217126,0.963401788199256,18732.21600673522,0.9085044704981399,0.5102918901835515,0.39124673392649667,60844910.29805791,0.15559318795179242,44856.252232142855,62451.0
347,736.7871174933574,908.4122582998906,734.6249543962058,908.4122582998906,2.1621630971516197,2741.0,0.47356342472517954,59.07579531516339,455.3757253017334,60.287606501115455,464.71676582074326,0.02051282051212598,0.9203984376210999,10399.464024539428,0.9077168974429773,0.3120801105172834,0.3361776677739119,72227330.61026615,0.1974617578323274,41654.346224005836,60909.0
348,1363.1698757763975,259.00155279503105,1363.1698757763975,259.00155279503105,0.0,3220.0,0.574372988445532,64.02992530096552,493.56379409519144,66.65679403126154,513.8125651349942,0.04102564102435963,0.7779705338808289,8921.748000802874,0.76288725542083,0.3095719095814082,0.33547441038889564,100666864.60266009,0.1980853290242791,45387.157763975156,62451.0
349,458.08314087759817,371.1573738040251,458.08314087759817,371.1573738040251,0.0,3031.0,0.6413692646528356,62.1223716554051,478.85974110250874,63.39667671500315,488.6825050225602,0.020512820512160163,0.8945417007144105,13935.69455938433,0.8177509060392641,0.46078028916421876,0.3755851999989172,66363453.25987977,0.1662511728371839,43267.57373804025,62451.0
351,1462.2965468138127,471.7111129013524,1462.2965468138127,469.5489498042008,2.1621630971516197,2809.0,0.5127207260827369,59.80409585606217,460.9897062101596,64.71109859296983,498.8145026171471,0.08205128204853804,0.9057966396165051,12885.051840362185,0.8931333761121697,0.37032205845147914,0.40063312094011727,57696148.69034156,0.1496049247384792,46043.805268778924,62451.0
352,284.5327635327635,881.8626147515037,284.5327635327635,881.8626147515037,0.0,3159.0,0.5914223228859332,63.420530759513355,488.86637986947954,64.72146472381107,498.8944081744945,0.020512820512173673,0.9596225742405864,20008.26018368929,0.8990564356014658,0.5457703286579857,0.43234648249696617,47808859.416216366,0.1312959722083589,45560.104146881924,62451.0
353,909.1489569752282,993.3552803129074,909.1489569752282,993.3552803129074,0.0,3068.0,0.6841919688364899,62.50039138475438,481.7736419228437,63.78245069521087,491.65617816741474,0.020512820512163934,0.9292755735568088,14397.194080772277,0.8980480956268183,0.43614118649231787,0.4092036927854628,48021532.70835446,0.14437707128031216,43713.20371577575,62451.0
357,1445.074317658665,561.4350542584676,1445.074317658665,561.4350542584676,0.0,3041.0,0.7658412903478876,62.22476561257286,479.6490275143637,63.50117106103589,489.4879819249147,0.020512820512161162,0.935204882247175,13463.631004382187,0.9064061916035281,0.4189372231738803,0.31488958300461023,102627750.61234832,0.21757163589160688,43454.46596514305,62451.0
358,1399.4014388489209,828.5356115107913,1399.4014388489209,828.5356115107913,0.0,2780.0,0.7323403295936555,59.49458743754555,458.6039131824554,61.935391024726904,477.4184326976331,0.0410256410242619,0.8760341195804473,8985.934705134361,0.8781360788197601,0.28391274137910494,0.3337919572987561,61335016.487899944,0.19958780555786823,40370.07769784173,61680.0
359,342.9673811100179,850.3054797519051,340.8052180128663,848.1433166547534,3.0577603760544365,2798.0,0.5583819527923771,59.68688504327383,460.0862065856189,63.35992412285991,488.3992039139647,0.061538461536399386,0.855610497366373,11378.324715388278,0.8902283056942203,0.33993449606232856,0.41580938159119724,52598780.32991445,0.1404948142760159,46307.21157969978,62451.0
360,220.39500162284972,33.227198961376175,220.39500162284972,33.227198961376175,0.0,3081.0,0.5009445476753631,62.63266749332202,482.7932698187989,65.20221282638138,502.60017319598035,0.04102564102433101,0.8047137521557641,9326.023895049017,0.7924541378955328,0.2940474407167186,0.35563952264226856,70102303.75485533,0.18118359640412696,42520.028562155145,62194.0
363,406.6327623126338,208.25695931477517,406.6327623126338,208.25695931477517,0.0,2802.0,0.6192705839717311,59.72953376971836,460.4149570431331,60.95475497525104,469.8593664183768,0.020512820512133646,0.8940545705216025,9609.666042170997,0.895403006649781,0.3073472748069489,0.40450636979747556,41646683.40396492,0.14721489565187082,41631.890435403286,62194.0
364,271.8360107095047,342.9427710843373,271.8360107095047,342.9427710843373,0.0,2988.0,0.6978203283099529,61.680140723483,475.45087914304565,64.21060803521563,494.95655623609366,0.04102564102431064,0.9149892513815254,14874.516452449769,0.8370524896492038,0.4403727118343552,0.4175799735611265,43889195.44610779,0.1394750858073938,43577.58400267737,62451.0
365,894.3195095564371,492.2726289217454,894.3195095564371,492.2726289217454,0.0,2773.0,0.7148014713629058,59.41963696919232,458.02617023873415,61.857365665364306,476.8169874792976,0.04102564102426006,0.9308417260356776,13311.726126259406,0.8554172660708232,0.4142352158163266,0.41909824219907965,36726760.90395452,0.138607538593536,42249.57663180671,61423.0
367,880.9280906836699,661.9922068721219,880.9280906836699,661.9922068721219,0.0,2823.0,0.7581810699351301,59.95294183597135,462.137060142473,61.1827457710682,471.6167947094981,0.02051282051213619,0.9244835992467872,12561.620520771838,0.881478970205136,0.39614793574796137,0.40665481435458867,44562659.5368323,0.14590880636372727,42384.06128232377,61937.0
368,1173.1054781870655,854.9381599697083,1170.943315089914,852.7759968725567,3.057760376054356,2558.0,0.5191666230613134,57.06966580796269,439.911817037493,60.581645242298855,466.9833134705695,0.061538461536304864,0.9280365458824136,11653.077013451213,0.8876835468438239,0.34314153642366413,0.3953713661203667,42906845.45480218,0.1529267634661131,41700.3096168882,61680.0
369,623.4720194647202,920.3182863737129,623.4720194647202,918.1561232765613,2.1621630971516197,2466.0,0.6602042542856189,56.033996085563196,431.9285330462293,59.48224199852093,458.5087504644588,0.06153846153626499,0.8994249182319765,9832.396516291488,0.8986645821040269,0.2817786269726577,0.39040532195439853,51287302.27788522,0.15614404921375674,43210.600162206,61937.0
370,95.01584721657862,28.6302993759367,95.01584721657862,24.305973181633483,4.324326194303218,2461.0,0.4785667574093573,55.97716069606635,431.49042710830906,57.12541014624207,440.3415127925821,0.020512820512087592,0.8258768716823375,5097.76340888462,0.9198507457533944,0.194332260140827,0.3108200362821782,65036898.613650784,0.2217295808730134,36188.85818772857,57311.0
376,1342.348006932409,320.2197573656846,1342.348006932409,320.2197573656846,0.0,2885.0,0.5443441041109375,60.60772299435893,467.1843293891067,63.09419368130698,486.350865979429,0.04102564102428712,0.95365876750324,13623.554799601789,0.8841469187581,0.40562899057666346,0.31064852245665875,93997993.7187495,0.22190721272125755,41749.271403812825,62194.0
377,289.5116913502877,953.4501347708895,291.67385444743934,953.4501347708895,2.1621630971516197,3339.0,0.5820525702003131,65.20235302403364,502.6012538857492,65.20235302403364,502.6012538857492,0.0,0.90814007352026,14086.982505639633,0.8593231257545169,0.4222311188414382,0.40527845597871015,57355893.47978319,0.14674393253524717,45174.65798143156,62451.0
378,194.44312127823162,96.24742497291287,192.28095818108,94.08526187576126,3.0577603760544267,2463.0,0.5740098546432078,55.99990177386658,431.66572284054894,61.74348144298111,475.9391303113745,0.1025641025604396,0.831768837913452,9357.640842720302,0.8361377034647279,0.30944013305581264,0.3658750974175879,53708175.16941702,0.17331731704567474,41803.87251319529,61166.0
386,1390.1703609879671,200.6776440785307,1390.1703609879671,200.6776440785307,0.0,3158.0,0.46949088149790774,63.41049189427286,488.78899698338023,64.71121993312974,498.8154379471419,0.020512820512173565,0.8636635910602513,12307.073114956567,0.8359850166287542,0.4085014875314043,0.35988244576563116,85265052.46002871,0.17786851283411506,45174.46390120329,62451.0
389,524.3258465791292,666.4357290946787,524.3258465791292,666.4357290946787,0.0,2894.0,0.46947979141951923,60.70218482446543,467.9124723479715,63.19253086854606,487.1088814699396,0.041025641024289294,0.8091672930534239,8558.744720139683,0.8019358526551003,0.30148271981503955,0.3389545980947674,73590821.18822382,0.19502476308653371,42005.73531444368,62451.0
391,535.5026791694575,195.6872803108154,535.5026791694575,193.52511721366378,2.1621630971516197,2986.0,0.6401513282652416,61.6594946506959,475.29173240079865,62.92430479737684,485.04130639876377,0.020512820512155187,0.909836514885342,10484.443873016295,0.8690111993503178,0.31450607990451507,0.30442986741259137,99066650.75301066,0.2284828812951878,42079.57568653717,62194.0
393,379.460113960114,574.68198005698,379.460113960114,574.68198005698,0.0,2808.0,0.6280239742422168,59.79344982200255,460.9076430664369,62.2465144300847,479.8166745768548,0.0410256410242687,0.9157021856047165,12439.513942920335,0.8593157390370082,0.3779322380346641,0.3789144605057022,50424251.624178246,0.16391180707788036,41643.15242165242,62194.0
394,419.72978648932445,38.66783339166958,419.72978648932445,38.66783339166958,0.0,2857.0,0.6774522730069831,60.3128956302743,464.91170277371225,61.55008323294659,474.44835308701914,0.020512820512140293,0.9123741331959054,11151.17444164137,0.8814010237828761,0.3419945563079786,0.38937447530017766,49134492.40740445,0.15682217593463904,41745.18375918796,62451.0
396,496.429771485783,421.63644816364484,489.9432821943282,421.63644816364484,6.486489291454802,2151.0,0.622111992702769,52.332955780514965,403.3996930316169,61.994424539994654,477.8734825143769,0.18461538460832927,0.8948203713886573,9467.42532224138,0.8987191790295616,0.25823649299494295,0.30084911103688544,96829084.66144659,0.23239253942066515,42934.29335192934,62451.0
409,548.1049685094472,305.47620713785864,548.1049685094472,305.47620713785864,0.0,2858.0,0.6748412484812902,60.32344999130185,464.9930592714517,62.798258196073206,484.0696976005369,0.041025641024280815,0.9414166893567011,15590.278585517977,0.8535417233917525,0.45435727800680953,0.4376110635492062,32834299.076642666,0.12851341825994697,41526.18229531141,61423.0
410,315.999604743083,461.1051383399209,315.999604743083,461.1051383399209,0.0,2530.0,0.6099379042366422,56.7564626115825,437.4975434427397,59.08493287257049,455.44616060962124,0.0410256410241952,0.8447874477494683,7668.1862843027075,0.8777294401797407,0.24836765096761254,0.3204169609616522,67184510.0903779,0.21209334143821462,39784.81897233202,60652.0
414,1331.762202753442,38.60575719649562,1331.762202753442,38.60575719649562,0.0,3196.0,0.6318945273469981,63.79085816144489,491.7209856916104,65.0993885852694,501.80757001348957,0.020512820512177333,0.9639720497631015,19698.91635801915,0.9099301244077537,0.5409157438808251,0.4489982265818897,40439284.44178871,0.12271802889128268,44921.927409261574,62451.0
416,1488.0421455938697,411.32662835249045,1488.0421455938697,411.32662835249045,0.0,2088.0,0.49406483336365137,51.56087828389873,397.44826490212506,54.73385540906172,421.9066196653327,0.061538461536074285,0.8924651103204999,8608.956819475698,0.9289424330732564,0.2674340461117677,0.3041303365534664,55581457.044344544,0.2288063964063641,35938.52059386973,59110.0
